nazwa_oryginalna,etykieta_docelowa (z makra),standard_key,ryzyko,sekcja (uzupelnij),znak (uzupelnij)
2 Koszty ogólnego zarządu,Koszty ogólnego zarzadu,administrative_expenses,,,
E Koszty ogólnego zarządu,Koszty ogólnego zarządu,administrative_expenses,,,
"II,Koszty ogólnego zarządu",Koszty ogólnego zarzadu,administrative_expenses,,,
Koszty ogólne i administracyjne,Koszty ogólnego zarzadu,administrative_expenses,,,
"Koszty ogólnego zarządu, w tym:",Koszty ogólnego zarzadu,administrative_expenses,,,
Koszty ogólonego zarządu,Koszty ogólnego zarzadu,administrative_expenses,,,
- amortyzacja,Amortyzacja,amortization,nazwa generyczna - moze pasowac do wielu pozycji,,
3 Amortyzacja,Amortyzacja,amortization,nazwa generyczna - moze pasowac do wielu pozycji,,
"A,II,1 +Amortyzacja",Amortyzacja,amortization,,,
Amortyzacja 2),Amortyzacja,amortization,nazwa generyczna - moze pasowac do wielu pozycji,,
Amortyzacja i odpisy aktualizujące rzeczowe aktywa trwałe,Amortyzacja,amortization,,,
Amortyzacja i odpisy z tytułu utraty wartości,Amortyzacja,amortization,,,
"Amortyzacja i utrata wartości środków trwałych, wartości niematerialnych i aktywów z tytułu prawa do użytkowania",Amortyzacja,amortization,,,
Amortyzacja rzeczowych aktywów trwałych i wartości niematerialnych,Amortyzacja,amortization,,,
Amortyzacja środków trwałych i wartości niematerialnych,Amortyzacja,amortization,,,
Amortyzację,Amortyzacja,amortization,nazwa generyczna - moze pasowac do wielu pozycji,,
B I Amortyzacja,Amortyzacja,amortization,,,
"B,I +Amortyzacja",Amortyzacja,amortization,,,
Aktywa przeznaczone do sprzedaży,Aktywa trwałe przeznaczone do sprzedaży,assets_for_sale,,,
(Strata) przed opodatkowaniem,Zysk przed opodatkowaniem,before_tax_profit,nazwa mowi o STRACIE - sprawdz znak,,
(Strata)/Zysk brutto,Zysk przed opodatkowaniem,before_tax_profit,nazwa mowi o STRACIE - sprawdz znak,,
A+B+C+D Zysk (strata) brutto,Zysk przed opodatkowaniem,before_tax_profit,,,
A+B+C+D+E Zysk (strata) brutto,Zysk przed opodatkowaniem,before_tax_profit,,,
E Wynik przed opodatkowaniem,Zysk przed opodatkowaniem,before_tax_profit,,,
F Zysk (strata) przed opodatkowaniem,Zysk przed opodatkowaniem,before_tax_profit,,,
"I ,Zysk/(Strata) brutto (I +/- J)",Zysk przed opodatkowaniem,before_tax_profit,,,
I Zysk (strata) brutto (F + G - H),Zysk przed opodatkowaniem,before_tax_profit,,,
I Zysk (strata) brutto (F+G-H),Zysk przed opodatkowaniem,before_tax_profit,,,
I Zysk (strata) brutto (F+G–H),Zysk przed opodatkowaniem,before_tax_profit,,,
I Zysk / strata brutto,Zysk przed opodatkowaniem,before_tax_profit,,,
I Zysk/Strata brutto (F+G-H),Zysk przed opodatkowaniem,before_tax_profit,,,
"I,Zysk (strata) brutto (F+G–H)",Zysk przed opodatkowaniem,before_tax_profit,,,
III Zysk (strata) brutto,Zysk przed opodatkowaniem,before_tax_profit,,,
K Zysk (strata) brutto (F+G-H),Zysk przed opodatkowaniem,before_tax_profit,,,
K Zysk / (strata) brutto (H+I-J),Zysk przed opodatkowaniem,before_tax_profit,,,
L Zysk (strata) brutto,Zysk przed opodatkowaniem,before_tax_profit,,,
L Zysk (strata) brutto (I+K-J),Zysk przed opodatkowaniem,before_tax_profit,,,
L Zysk / (strata) brutto (H+I-J+K),Zysk przed opodatkowaniem,before_tax_profit,,,
L Zysk/Strata brutto (I+J-K),Zysk przed opodatkowaniem,before_tax_profit,,,
N Zysk (strata) brutto ( J ± K - L + M ),Zysk przed opodatkowaniem,before_tax_profit,,,
N Zysk (strata) brutto ( L+/-M ),Zysk przed opodatkowaniem,before_tax_profit,,,
N Zysk (strata) brutto (F+G-H),Zysk przed opodatkowaniem,before_tax_profit,,,
N Zysk (strata) brutto (J - K + L +/- M),Zysk przed opodatkowaniem,before_tax_profit,,,
N Zysk (strata) brutto (J–K+L+/–M),Zysk przed opodatkowaniem,before_tax_profit,,,
N Zysk/Strata brutto (L),Zysk przed opodatkowaniem,before_tax_profit,,,
Strata przed opodatkowaniem,Zysk przed opodatkowaniem,before_tax_profit,nazwa mowi o STRACIE - sprawdz znak,,
V Zysk (strata) przed opodatkowaniem,Zysk przed opodatkowaniem,before_tax_profit,,,
Wynik brutto,Zysk przed opodatkowaniem,before_tax_profit,nazwa generyczna - moze pasowac do wielu pozycji,,
Wynik brutto (I+/-J),Zysk przed opodatkowaniem,before_tax_profit,,,
Wynik brutto (J – K + L +/– M),Zysk przed opodatkowaniem,before_tax_profit,,,
Wynik przed opodatkowaniem,Zysk przed opodatkowaniem,before_tax_profit,,,
Zysk ( strata ) brutto ( F + G - H ),Zysk przed opodatkowaniem,before_tax_profit,,,
Zysk ( strata ) brutto ( F + G – H ),Zysk przed opodatkowaniem,before_tax_profit,,,
Zysk (strata) brutto,Zysk przed opodatkowaniem,before_tax_profit,,,
Zysk (strata) brutto ( J+/-K-L+M+/-M ),Zysk przed opodatkowaniem,before_tax_profit,,,
Zysk (strata) brutto (F + G - H),Zysk przed opodatkowaniem,before_tax_profit,,,
Zysk (strata) brutto (F+G),Zysk przed opodatkowaniem,before_tax_profit,,,
Zysk (strata) brutto (F+G-H),Zysk przed opodatkowaniem,before_tax_profit,,,
Zysk (strata) brutto (F+G-H+I),Zysk przed opodatkowaniem,before_tax_profit,,,
Zysk (strata) brutto (F+G-H+I+/-J),Zysk przed opodatkowaniem,before_tax_profit,,,
Zysk (strata) brutto (F+G-H-I),Zysk przed opodatkowaniem,before_tax_profit,,,
Zysk (strata) brutto (F+G–H),Zysk przed opodatkowaniem,before_tax_profit,,,
Zysk (strata) brutto (I),Zysk przed opodatkowaniem,before_tax_profit,,,
Zysk (strata) brutto (I+/-J),Zysk przed opodatkowaniem,before_tax_profit,,,
Zysk (strata) brutto (I+/-J-K),Zysk przed opodatkowaniem,before_tax_profit,,,
Zysk (strata) brutto (I+/–J),Zysk przed opodatkowaniem,before_tax_profit,,,
ZYSK (STRATA) BRUTTO (I+J+K),Zysk przed opodatkowaniem,before_tax_profit,,,
Zysk (strata) brutto (I+J-K),Zysk przed opodatkowaniem,before_tax_profit,,,
Zysk (strata) brutto (I+J–K),Zysk przed opodatkowaniem,before_tax_profit,,,
Zysk (strata) brutto (I+J–K),Zysk przed opodatkowaniem,before_tax_profit,,,
Zysk (strata) brutto (I-J),Zysk przed opodatkowaniem,before_tax_profit,,,
Zysk (strata) brutto (IX+X-XI+/-XII),Zysk przed opodatkowaniem,before_tax_profit,,,
Zysk (strata) brutto (I±J),Zysk przed opodatkowaniem,before_tax_profit,,,
Zysk (strata) brutto (J - K + L +/- M),Zysk przed opodatkowaniem,before_tax_profit,,,
ZYSK (STRATA) BRUTTO (J+/-K-L+M+/-N),Zysk przed opodatkowaniem,before_tax_profit,,,
Zysk (strata) brutto (J-K+L),Zysk przed opodatkowaniem,before_tax_profit,,,
Zysk (strata) brutto (J-K+L),Zysk przed opodatkowaniem,before_tax_profit,,,
Zysk (strata) brutto (J-K+L+/-M),Zysk przed opodatkowaniem,before_tax_profit,,,
Zysk (strata) brutto (J–K+L+/-M),Zysk przed opodatkowaniem,before_tax_profit,,,
ZYSK (STRATA) BRUTTO (J–K+L+/–M),Zysk przed opodatkowaniem,before_tax_profit,,,
Zysk (strata) brutto (L+/-M),Zysk przed opodatkowaniem,before_tax_profit,,,
Zysk (strata) brutto (VI+VII-VIII),Zysk przed opodatkowaniem,before_tax_profit,,,
Zysk (Strata) brutto (XVI+XVII-XVIII),Zysk przed opodatkowaniem,before_tax_profit,,,
Zysk (strata) brutto - przed opodatkowaniem,Zysk przed opodatkowaniem,before_tax_profit,,,
Zysk (strata) netto przed opodatkowaniem,Zysk przed opodatkowaniem,before_tax_profit,,,
Zysk (strata) przed podatkiem dochodowym,Zysk przed opodatkowaniem,before_tax_profit,,,
Zysk / (strata) brutto,Zysk przed opodatkowaniem,before_tax_profit,,,
Zysk / (Strata) brutto,Zysk przed opodatkowaniem,before_tax_profit,,,
Zysk / Strata brutto,Zysk przed opodatkowaniem,before_tax_profit,,,
Zysk /strata brutto (J+/-K-L+/-M),Zysk przed opodatkowaniem,before_tax_profit,,,
Zysk brutto,Zysk przed opodatkowaniem,before_tax_profit,nazwa generyczna - moze pasowac do wielu pozycji,,
Zysk brutto (F+G-H),Zysk przed opodatkowaniem,before_tax_profit,,,
Zysk brutto z działalności kontynuowanej,Zysk przed opodatkowaniem,before_tax_profit,,,
Zysk brutto za okres,Zysk przed opodatkowaniem,before_tax_profit,,,
Zysk przed opodatkowaniem (F+G-H),Zysk przed opodatkowaniem,before_tax_profit,,,
Zysk starta brutto,Zysk przed opodatkowaniem,before_tax_profit,,,
Zysk/ (strata) brutto,Zysk przed opodatkowaniem,before_tax_profit,,,
Zysk/(strata) brutto,Zysk przed opodatkowaniem,before_tax_profit,,,
Zysk/(Strata) brutto (F+G-H),Zysk przed opodatkowaniem,before_tax_profit,,,
Zysk/(strata) brutto z działalności kontynuowanej,Zysk przed opodatkowaniem,before_tax_profit,,,
Zysk/strata brutto,Zysk przed opodatkowaniem,before_tax_profit,,,
Zysk/strata brutto (F+G-H),Zysk przed opodatkowaniem,before_tax_profit,,,
Zysk/strata brutto (H+I-J+K),Zysk przed opodatkowaniem,before_tax_profit,,,
ZYSK/STRATA BRUTTO (J+/-K-L+M+/–N),Zysk przed opodatkowaniem,before_tax_profit,,,
Zysk/Strata brutto (J-K+L+/-M),Zysk przed opodatkowaniem,before_tax_profit,,,
Zyska/strata brutto,Zysk przed opodatkowaniem,before_tax_profit,,,
+Nabycie wartości niematerialnych i prawnych oraz rzeczowych aktywów trwałych,CAPEX (niematerialne i rzeczowe),capex,,,
2 Inwestycje w nieruchomości oraz wartości niematerialne i prawne,CAPEX (niematerialne i rzeczowe),capex,,,
CAPEX,CAPEX (niematerialne i rzeczowe),capex,nazwa generyczna - moze pasowac do wielu pozycji,,
"CAPEX (niematerialne i rzeczowe), wartości niematerialnych (w tym wydatki na R&D)",CAPEX (niematerialne i rzeczowe),capex,,,
CAPEX i wartości niematerialnych,CAPEX (niematerialne i rzeczowe),capex,,,
Nabycie rzeczowych aktywów trwałych i aktywów niematerialnych,CAPEX (niematerialne i rzeczowe),capex,,,
Nabycie rzeczowych aktywów trwałych i wartości niematerialnych (w tym wydatki na R&D),CAPEX (niematerialne i rzeczowe),capex,,,
Nabycie rzeczowych aktywów trwałych i wartości niematerialnych i prawnych,CAPEX (niematerialne i rzeczowe),capex,,,
Nabycie rzeczowych aktywów trwałych i wartości niematerialnych i prawnych oraz,CAPEX (niematerialne i rzeczowe),capex,,,
Nabycie rzeczowych aktywów trwałych i wartości niematerialnych oraz nowych aktywów niematerialnych,CAPEX (niematerialne i rzeczowe),capex,,,
Nabycie rzeczowych aktywów trwałych oraz wartości niematerialnych innych niż prace rozwojowe,CAPEX (niematerialne i rzeczowe),capex,,,
"Nabycie rzeczowych aktywów trwałych, wartości niematerial- nych innych niż wartość firmy, nieruchomości inwestycyjnych oraz innych aktywów trwałych",CAPEX (niematerialne i rzeczowe),capex,,,
"Nabycie rzeczowych aktywów trwałych, wartości niematerialnych (w tym wydatki na R&D)",CAPEX (niematerialne i rzeczowe),capex,,,
Nabycie wartości niematerialnych i prawnych oraz rzeczowych aktywów trwałych,CAPEX (niematerialne i rzeczowe),capex,,,
Nabycie wartości niematerialnych i prawnych oraz rzeczowych środków trwałych,CAPEX (niematerialne i rzeczowe),capex,,,
Nabycie wartości niematerialnych i rzeczowych aktywów trwałych,CAPEX (niematerialne i rzeczowe),capex,,,
Nabycie wartości niematerialnych oraz rzeczowych aktywów trwałych,CAPEX (niematerialne i rzeczowe),capex,,,
"Nabycie wartości niematerialnych oraz rzeczowych aktywów trwałych, nieruchomości inwestycyjnych",CAPEX (niematerialne i rzeczowe),capex,,,
Nabycie wartości niematerialnych oraz rzeczowych środków trwałych,CAPEX (niematerialne i rzeczowe),capex,,,
Nakłady inwestycyjne,CAPEX (niematerialne i rzeczowe),capex,nazwa generyczna - moze pasowac do wielu pozycji,,
Płatności za zakup środków trwałych i wartości niematerialnych,CAPEX (niematerialne i rzeczowe),capex,,,
Wydatki na CAPEX (niematerialne i rzeczowe),CAPEX (niematerialne i rzeczowe),capex,,,
Wydatki na nabycie rzeczowych aktywów trwałych,CAPEX (niematerialne i rzeczowe),capex,,,
Zakup rzeczowych aktywów trwałych oraz wartości niematerialnych,CAPEX (niematerialne i rzeczowe),capex,,,
Zakup rzeczowych aktywów trwałych zaklasyfikowany jako działalność inwestycyjna,CAPEX (niematerialne i rzeczowe),capex,,,
Zakup wartości niematerialnych oraz rzeczowych aktywów trwałych,CAPEX (niematerialne i rzeczowe),capex,,,
[P] A Kapitał (fundusz) własny,Kapitał własny,capital,,,
A +kapitał (fundusz) własny,Kapitał własny,capital,,,
A KAPITAŁ (FUNDUSZ) WŁASNY,Kapitał własny,capital,,,
"A,KAPITAŁ (FUNDUSZ) WŁASNY",Kapitał własny,capital,,,
"A,Kapitał(fundusz)własny",Kapitał własny,capital,,,
I Kapitał własny,Kapitał własny,capital,,,
"I,Kapitał (fundusz) własny (I,a + I,b,)",Kapitał własny,capital,,,
"I,Kapitałwłasny",Kapitał własny,capital,nazwa generyczna - moze pasowac do wielu pozycji,,
Kapitał ( fundusz ) własny,Kapitał własny,capital,,,
Kapitał (fundusz) własny,Kapitał własny,capital,,,
KAPITAŁ (FUNDUSZ) WŁASNY (I-X),Kapitał własny,capital,,,
"Kapitał własny, w tym:",Kapitał własny,capital,,,
Kapitały własne,Kapitał własny,capital,nazwa generyczna - moze pasowac do wielu pozycji,,
Kapitał własny (przypisany akcjonariuszom Jednostki Dominującej),Kapitał własny akcjonariuszy jednostki dominującej,capital (czesc dominujaca),etykieta poza naszymi 77 kluczami (bank/ubezpieczenia?),,
Kapitał własny przypadający na akcjonariuszy / udziałowców jednostki dominującej,Kapitał własny akcjonariuszy jednostki dominującej,capital (czesc dominujaca),etykieta poza naszymi 77 kluczami (bank/ubezpieczenia?),,
Kapitał własny przypadający na Zysk netto akcjonariuszy jednostki dominującej,Kapitał własny akcjonariuszy jednostki dominującej,capital (czesc dominujaca),etykieta poza naszymi 77 kluczami (bank/ubezpieczenia?),,
Kapitały własne akcjonariuszy jednostki dominującej,Kapitał własny akcjonariuszy jednostki dominującej,capital (czesc dominujaca),etykieta poza naszymi 77 kluczami (bank/ubezpieczenia?),,
Razem kapitały przypisane akcjonariuszom jednostki dominującej,Kapitał własny akcjonariuszy jednostki dominującej,capital (czesc dominujaca),etykieta poza naszymi 77 kluczami (bank/ubezpieczenia?),,
Razem kapitały przypisane Zysk netto akcjonariuszy jednostki dominującej,Kapitał własny akcjonariuszy jednostki dominującej,capital (czesc dominujaca),etykieta poza naszymi 77 kluczami (bank/ubezpieczenia?),,
1 środki pieniężne,Środki pieniężne i inne aktywa pieniężne,cash,,,
"4B ,III,1,C +środki pieniężne i inne aktywa pieniężne",Środki pieniężne i inne aktywa pieniężne,cash,,,
"6,Środki pieniężne",Środki pieniężne i inne aktywa pieniężne,cash,,,
"7,Środki pieniężne i ich ekwiwalenty",Środki pieniężne i inne aktywa pieniężne,cash,,,
"[A] B,III,1,c),-(1) środki pieniężne w kasie i na rachunkach",Środki pieniężne i inne aktywa pieniężne,cash,,,
"B,III,1,C +środki pieniężne i inne aktywa pieniężne",Środki pieniężne i inne aktywa pieniężne,cash,,,
"B,III,1,D +środki pieniężne i inne aktywa pieniężne",Środki pieniężne i inne aktywa pieniężne,cash,,,
c środki pieniężne i inne aktywa finansowe,Środki pieniężne i inne aktywa pieniężne,cash,,,
c środki pieniężne i inne aktywa pieniężne,Środki pieniężne i inne aktywa pieniężne,cash,,,
c) środki pieniężne i inne aktywa pieniężne,Środki pieniężne i inne aktywa pieniężne,cash,,,
c)środki pieniężne i inne aktywa pieniężne,Środki pieniężne i inne aktywa pieniężne,cash,,,
c/ środki pieniężne i inne aktywa pieniężne,Środki pieniężne i inne aktywa pieniężne,cash,,,
d) środki pieniężne i inne aktywa pieniężne,Środki pieniężne i inne aktywa pieniężne,cash,,,
środki pieniężne,Środki pieniężne i inne aktywa pieniężne,cash,nazwa generyczna - moze pasowac do wielu pozycji,,
Środki pieniężne i ekwiwalenty środków pieniężnych,Środki pieniężne i inne aktywa pieniężne,cash,,,
Środki pieniężne i inne aktywa pieniężne i ekwiwalenty środków pieniężnych,Środki pieniężne i inne aktywa pieniężne,cash,,,
Środki pieniężne i inne aktywa pieniężne i ich ekwiwalenty,Środki pieniężne i inne aktywa pieniężne,cash,,,
Środki pieniężne i inne aktywa pieniężnei ich ekwiwalenty,Środki pieniężne i inne aktywa pieniężne,cash,,,
Środki pieniężne netto (wykorzystane)/wygenerowane w działalności inwestycyjnej,Środki pieniężne i inne aktywa pieniężne,cash,,,
(Zakup) akcji własnych,Skup akcji własnych,change_in_bank_loans,,,
Na nabycie udziałów (akcji własnych),Skup akcji własnych,change_in_bank_loans,,,
Nabycie -/Sprzedaż + akcji własnych,Skup akcji własnych,change_in_bank_loans,,,
Nabycie akcji (udziałów) własnych,Skup akcji własnych,change_in_bank_loans,,,
Nabycie akcji i udziałów,Skup akcji własnych,change_in_bank_loans,,,
Nabycie akcji własnych w ramach programu motywacyjnego,Skup akcji własnych,change_in_bank_loans,,,
Nabycie akcji/udziałów własnych,Skup akcji własnych,change_in_bank_loans,,,
Nabycie udziałów (akcji) własnych,Skup akcji własnych,change_in_bank_loans,,,
"Skup akcji własnych, w tym koszty transakcyjne",Skup akcji własnych,change_in_bank_loans,,,
Wydatki na skup akcji własnych,Skup akcji własnych,change_in_bank_loans,,,
B Koszt własny sprzedaży,Techniczny koszt wytworzenia produkcji sprzedanej,cost_of_sales,,,
"B Koszty sprzedanych produktów, towarów i materiałów",Techniczny koszt wytworzenia produkcji sprzedanej,cost_of_sales,,,
I Koszt wytworzenia sprzedanych produktów,Techniczny koszt wytworzenia produkcji sprzedanej,cost_of_sales,,,
II Koszt własny sprzedaży,Techniczny koszt wytworzenia produkcji sprzedanej,cost_of_sales,,,
"Koszt sprzedanych produktów, towarów i materiałów",Techniczny koszt wytworzenia produkcji sprzedanej,cost_of_sales,,,
"Koszt sprzedanych produktów,towarów i materiałów w tym:",Techniczny koszt wytworzenia produkcji sprzedanej,cost_of_sales,,,
Koszt sprzedanych towarów,Techniczny koszt wytworzenia produkcji sprzedanej,cost_of_sales,,,
"Koszt sprzedanych towarów, produktów, materiałów i usług",Techniczny koszt wytworzenia produkcji sprzedanej,cost_of_sales,,,
Koszt wytworzenia sprzedanych produktów i usług,Techniczny koszt wytworzenia produkcji sprzedanej,cost_of_sales,,,
Koszt wytworzenia sprzedanych usług,Techniczny koszt wytworzenia produkcji sprzedanej,cost_of_sales,,,
"Koszt wytworzenia/nabycia sprzedanych produktów, towarów i materiałów",Techniczny koszt wytworzenia produkcji sprzedanej,cost_of_sales,,,
Koszt własny,Techniczny koszt wytworzenia produkcji sprzedanej,cost_of_sales,nazwa generyczna - moze pasowac do wielu pozycji,,
Koszt własny razem,Techniczny koszt wytworzenia produkcji sprzedanej,cost_of_sales,,,
"Koszt własny sprzedaży (koszt sprzedanych produktów, usług, towarów i materiałów)",Techniczny koszt wytworzenia produkcji sprzedanej,cost_of_sales,,,
"Koszt własny sprzedaży, w tym :",Techniczny koszt wytworzenia produkcji sprzedanej,cost_of_sales,,,
"Koszt własny sprzedaży, w tym:",Techniczny koszt wytworzenia produkcji sprzedanej,cost_of_sales,,,
Koszty działalności operacyjnej,Techniczny koszt wytworzenia produkcji sprzedanej,cost_of_sales,,,
Koszty działalności operacyjnej (I+II+III+IV+V+VI+VII+VIII),Techniczny koszt wytworzenia produkcji sprzedanej,cost_of_sales,,,
Koszty działalności operacyjnej w tym:,Techniczny koszt wytworzenia produkcji sprzedanej,cost_of_sales,,,
"Koszty działalności operacyjnej, w tym:",Techniczny koszt wytworzenia produkcji sprzedanej,cost_of_sales,,,
Koszty działalności podstawowej,Techniczny koszt wytworzenia produkcji sprzedanej,cost_of_sales,,,
"Koszty działalności podstawowej, w tym:",Techniczny koszt wytworzenia produkcji sprzedanej,cost_of_sales,,,
Koszty ogółem,Techniczny koszt wytworzenia produkcji sprzedanej,cost_of_sales,nazwa generyczna - moze pasowac do wielu pozycji,,
Koszty operacyjne ogółem,Techniczny koszt wytworzenia produkcji sprzedanej,cost_of_sales,,,
Koszty operacyjne razem,Techniczny koszt wytworzenia produkcji sprzedanej,cost_of_sales,,,
"Koszty operacyjne, w tym:",Techniczny koszt wytworzenia produkcji sprzedanej,cost_of_sales,,,
Koszty sprzedanych dóbr i usług,Techniczny koszt wytworzenia produkcji sprzedanej,cost_of_sales,,,
Koszty sprzedanych produktów i towarów,Techniczny koszt wytworzenia produkcji sprzedanej,cost_of_sales,,,
"Koszty sprzedanych produktów i towarów, w tym:",Techniczny koszt wytworzenia produkcji sprzedanej,cost_of_sales,,,
Koszty sprzedanych produktów i usług oraz towarów i materiałów,Techniczny koszt wytworzenia produkcji sprzedanej,cost_of_sales,,,
"KOSZTY SPRZEDANYCH PRODUKTÓW, TOWARÓW , W TYM:",Techniczny koszt wytworzenia produkcji sprzedanej,cost_of_sales,,,
"Koszty sprzedanych produktów, towarów i materiałów",Techniczny koszt wytworzenia produkcji sprzedanej,cost_of_sales,,,
"Koszty sprzedanych produktów, towarów i materiałów, w tym:",Techniczny koszt wytworzenia produkcji sprzedanej,cost_of_sales,,,
"KOSZTY SPRZEDANYCH PRODUKTÓW, TOWARÓW I USŁUG",Techniczny koszt wytworzenia produkcji sprzedanej,cost_of_sales,,,
"Koszty sprzedanych produktów, towarów, materiałów i usług",Techniczny koszt wytworzenia produkcji sprzedanej,cost_of_sales,,,
"Koszty sprzedanych produktów, towarów, materiałów i usług, w tym:",Techniczny koszt wytworzenia produkcji sprzedanej,cost_of_sales,,,
"Koszty sprzedanych produktów, towarów, w tym:",Techniczny koszt wytworzenia produkcji sprzedanej,cost_of_sales,,,
"Koszty sprzedanych produktów, towarów,materiałów i usług",Techniczny koszt wytworzenia produkcji sprzedanej,cost_of_sales,,,
"Koszty sprzedanych produktów, usług, towarów i materiałów",Techniczny koszt wytworzenia produkcji sprzedanej,cost_of_sales,,,
Koszty sprzedanych usług,Techniczny koszt wytworzenia produkcji sprzedanej,cost_of_sales,,,
"Koszty sprzedaży produktów, towarów i materiałów",Techniczny koszt wytworzenia produkcji sprzedanej,cost_of_sales,,,
Koszty wytworzenia sprzedanych produktów,Techniczny koszt wytworzenia produkcji sprzedanej,cost_of_sales,,,
Koszty wytworzenia sprzedanych produktów i usług,Techniczny koszt wytworzenia produkcji sprzedanej,cost_of_sales,,,
Koszty wytworzenia sprzedanych usług,Techniczny koszt wytworzenia produkcji sprzedanej,cost_of_sales,,,
Koszty wytworzenia usług,Techniczny koszt wytworzenia produkcji sprzedanej,cost_of_sales,,,
Koszty własne sprzedaży,Techniczny koszt wytworzenia produkcji sprzedanej,cost_of_sales,,,
Koszty własny sprzedaży,Techniczny koszt wytworzenia produkcji sprzedanej,cost_of_sales,,,
Koszty własnych świadczonych usług obsługi nieruchomości,Techniczny koszt wytworzenia produkcji sprzedanej,cost_of_sales,,,
Razem koszty działalności operacyjnej,Techniczny koszt wytworzenia produkcji sprzedanej,cost_of_sales,,,
Techniczny koszt wytworzenia produkcji sprzedanej sprzedaży,Techniczny koszt wytworzenia produkcji sprzedanej,cost_of_sales,,,
"Techniczny koszt wytworzenia produkcji sprzedanej, w tym:",Techniczny koszt wytworzenia produkcji sprzedanej,cost_of_sales,,,
Aktywa obrotowe (krótkoterminowe),Aktywa obrotowe,current_assets,,,
Aktywa obrotowe (krótkoterminowe) ogółem,Aktywa obrotowe,current_assets,,,
AKTYWA OBROTOWE KRÓTKOTERMINOWE,Aktywa obrotowe,current_assets,,,
Aktywa obrotowe ogółem,Aktywa obrotowe,current_assets,,,
"Aktywa obrotowe, w tym:",Aktywa obrotowe,current_assets,,,
Aktywa ogółem obrotowe,Aktywa obrotowe,current_assets,,,
Aktywa ogółem obrotowe razem,Aktywa obrotowe,current_assets,,,
Aktywa razem obrotowe,Aktywa obrotowe,current_assets,,,
II AKTYWA OBROTOWE,Aktywa obrotowe,current_assets,,,
"II,Aktywaobrotowe",Aktywa obrotowe,current_assets,nazwa generyczna - moze pasowac do wielu pozycji,,
Razem aktywa obrotowe,Aktywa obrotowe,current_assets,,,
"[P] B,III Zobowiązania krótkoterminowe",Zobowiązania krótkoterminowe,current_liabilities,,,
B ZOBOWIĄZANIA KRÓTKOTERMINOWE,Zobowiązania krótkoterminowe,current_liabilities,,,
"B,III +Zobowiązania krótkoterminowe",Zobowiązania krótkoterminowe,current_liabilities,,,
"D,III +Zobowiązania krótkoterminowe",Zobowiązania krótkoterminowe,current_liabilities,,,
"D,III Zobowiązania krótkoterminowe",Zobowiązania krótkoterminowe,current_liabilities,,,
E Zobowiązania krótkoterminowe,Zobowiązania krótkoterminowe,current_liabilities,,,
"III,Zobowiązaniakrótkoterminowe",Zobowiązania krótkoterminowe,current_liabilities,nazwa generyczna - moze pasowac do wielu pozycji,,
Krótkoterminowe zobowiązania,Zobowiązania krótkoterminowe,current_liabilities,nazwa generyczna - moze pasowac do wielu pozycji,,
Krótkoterminowe zobowiązania i rezerwy na zobowiązania,Zobowiązania krótkoterminowe,current_liabilities,,,
Razem zobowiązania krótkoterminowe,Zobowiązania krótkoterminowe,current_liabilities,,,
Zobowiązania i rezerwy krótkoterminowe,Zobowiązania krótkoterminowe,current_liabilities,,,
Zobowiązania krótkoterminowe ogółem,Zobowiązania krótkoterminowe,current_liabilities,,,
Zobowiązania krótkoterminowe(na koniec bieżącego kwartału i koniec poprzedniego roku obrotowego),Zobowiązania krótkoterminowe,current_liabilities,,,
"Zobowiązania krótkoterminowe, w tym:",Zobowiązania krótkoterminowe,current_liabilities,,,
Zysk/strata za rok obrotowy na działalności zaniechanej,Zysk (strata) netto z działalności zaniechanej,discontinued_profit,,,
2 Dywidendy i inne wpłaty na rzecz właścicieli,Dywidenda,dividend,,,
2 Dywidendy i inne wpływy na rzecz właścicieli,Dywidenda,dividend,,,
2 Dywidendy i inne wypłaty na rzecz właścicieli,Dywidenda,dividend,,,
2 Dywidendy i inne wypłaty na rzecz właścicieli,Dywidenda,dividend,,,
"2,Dywidendy i inne wypłaty na rzecz właścicieli",Dywidenda,dividend,,,
"2,Dywidendy i inne wypłaty na rzecz właścicieli, wydatki z tytułu podziału zysku",Dywidenda,dividend,,,
"3,Dywidendy wypłacone",Dywidenda,dividend,,,
3.Dywidendy wypłacone,Dywidenda,dividend,,,
"C,II,2 +Dywidendy i inne wypłaty na rzecz właścicieli",Dywidenda,dividend,,,
Dywidenda wypłacona,Dywidenda,dividend,nazwa generyczna - moze pasowac do wielu pozycji,,
Dywidenda wypłacona akcjonariuszom,Dywidenda,dividend,,,
Dywidenda zapłacona,Dywidenda,dividend,nazwa generyczna - moze pasowac do wielu pozycji,,
Dywidendy,Dywidenda,dividend,nazwa generyczna - moze pasowac do wielu pozycji,,
Dywidendy i inne opłaty na rzecz właściciela,Dywidenda,dividend,,,
Dywidendy i inne wpłaty na rzecz właścicieli,Dywidenda,dividend,,,
Dywidendy i inne wpłaty na rzecz właścicieli mniejszościowych,Dywidenda,dividend,,,
Dywidendy i inne wypłaty dla właścicieli,Dywidenda,dividend,,,
Dywidendy i inne wypłaty na rzecz włascicieli,Dywidenda,dividend,,,
Dywidendy i inne wypłaty na rzecz właścicieli,Dywidenda,dividend,,,
Dywidendy i wypłaty z zysku,Dywidenda,dividend,,,
Dywidendy na rzecz właścicieli,Dywidenda,dividend,,,
Dywidendy na rzecz właścicieli jednostki dominującej,Dywidenda,dividend,,,
Dywidendy na rzecz Zysk netto akcjonariuszy jednostki dominującej,Dywidenda,dividend,,,
Dywidendy wypłacone akcjonariuszom,Dywidenda,dividend,,,
Dywidendy wypłacone akcjonariuszom jednostki dominującej,Dywidenda,dividend,,,
Dywidendy wypłacone Akcjonariuszom Jednostki Dominującej,Dywidenda,dividend,,,
Dywidendy wypłacone akcjonariuszom Spółki,Dywidenda,dividend,,,
Dywidendy wypłacone akcjonariuszom Spółki Dominującej,Dywidenda,dividend,,,
Dywidendy wypłacone akcjonariuszom/udziałowcom posiadającym udziały niedające kontroli,Dywidenda,dividend,,,
Dywidendy wypłacone na rzecz właścicieli,Dywidenda,dividend,,,
Dywidendy wypłacone na rzecz:,Dywidenda,dividend,,,
Dywidendy wypłacone przez Jednostkę Dominującą,Dywidenda,dividend,,,
"Dywidendy wypłacone, w tym przypadające na:",Dywidenda,dividend,,,
Płatności dywidend i innych wypłat na rzecz właścicieli,Dywidenda,dividend,,,
Wydatki z tytułu podziału zysku (dywidenda),Dywidenda,dividend,,,
Wydatki z tytułu wypłaconej dywidendy,Dywidenda,dividend,,,
Wypłacone dywidendy,Dywidenda,dividend,nazwa generyczna - moze pasowac do wielu pozycji,,
Wypłacone dywidendy i inne wypłaty na rzecz właścicieliZysk po opodatkowaniu,Dywidenda,dividend,,,
Wypłacone dywidendy i zaliczki na poczet dywidendy,Dywidenda,dividend,,,
"Wypłacone dywidendy, zaliczone do działalności finansowej",Dywidenda,dividend,,,
Wypłata dywidend,Dywidenda,dividend,nazwa generyczna - moze pasowac do wielu pozycji,,
Wypłata dywidendy,Dywidenda,dividend,nazwa generyczna - moze pasowac do wielu pozycji,,
Wypłata dywidendy dla udziałowców niekontrolujących,Dywidenda,dividend,,,
Wypłata dywidendy przez Budimex SA,Dywidenda,dividend,,,
Wypłaty na rzecz właścicieli,Dywidenda,dividend,,,
(Strata) na działalności operacyjnej,EBIT,ebit,nazwa mowi o STRACIE - sprawdz znak,,
(STRATA) OPERACYJNA,EBIT,ebit,nazwa generyczna - moze pasowac do wielu pozycji; nazwa mowi o STRACIE - sprawdz znak,,
(Strata)/Zysk na działalności operacyjnej,EBIT,ebit,nazwa mowi o STRACIE - sprawdz znak,,
7I Zysk (strata) z działalności operacyjnej,EBIT,ebit,,,
A Zysk operacyjny (EBIT),EBIT,ebit,,,
D Wynik operacyjny,EBIT,ebit,,,
EBIT (C+D-E),EBIT,ebit,,,
EBIT za okres,EBIT,ebit,,,
F Zysk (strata) na działalności operacyjnej (C+D-E),EBIT,ebit,,,
F Zysk / strata z działalności operacyjnej,EBIT,ebit,,,
F Zysk/Strata na działalności operacyjnej (C+D-E),EBIT,ebit,,,
H Zysk / (strata) z działalności operacyjnej (C+D-E-F-G),EBIT,ebit,,,
H Zysk / (strata) z działalności operacyjnej (C-D-E-F-G),EBIT,ebit,,,
I Zysk (strata) z działalności operacyjnej (F+G-H),EBIT,ebit,,,
I Zysk/Strata na działaln operacyjnej (C+D-E),EBIT,ebit,,,
II Zysk (strata) z działalności operacyjnej,EBIT,ebit,,,
IV Zysk (strata) z działalności operacyjnej,EBIT,ebit,,,
operacyjnej (I±II),EBIT,ebit,,,
Strata na działalności operacyjnej,EBIT,ebit,nazwa mowi o STRACIE - sprawdz znak,,
Wynik na działalności operacyjnej,EBIT,ebit,,,
Wynik operacyjny,EBIT,ebit,nazwa generyczna - moze pasowac do wielu pozycji,,
Wynik z działalności operacyjnej,EBIT,ebit,,,
Wynik z działalności operacyjnej (C+D-E),EBIT,ebit,,,
Zysk ( strata ) z działalności operacyjnej ( C + D - E ),EBIT,ebit,,,
ZYSK (-STRATA) NA DZIAŁALNOŚCI OPERACYJNEJ,EBIT,ebit,,,
Zysk (strata) na działalności operacyjnej,EBIT,ebit,,,
Zysk (strata) na działalności operacyjnej (C+D-E),EBIT,ebit,,,
Zysk (strata) operacyjna,EBIT,ebit,,,
Zysk (strata) operacyjna,EBIT,ebit,,,
Zysk (strata) operacyjny,EBIT,ebit,,,
Zysk (strata) z działalności operacyjnej (C + D - E),EBIT,ebit,,,
ZYSK (STRATA) Z DZIAŁALNOŚCI OPERACYJNEJ (C+D+E),EBIT,ebit,,,
Zysk (strata) z działalności operacyjnej (C+D-E),EBIT,ebit,,,
Zysk (strata) z działalności operacyjnej (C+D–E),EBIT,ebit,,,
Zysk (strata) z działalności operacyjnej (EBIT),EBIT,ebit,,,
Zysk (strata) z działalności operacyjnej (F + G - H),EBIT,ebit,,,
Zysk (strata) z działalności operacyjnej (F+G-H),EBIT,ebit,,,
Zysk (strata) z działalności operacyjnej (F+G–H),EBIT,ebit,,,
Zysk (strata) z działalności operacyjnej (III+IV–V),EBIT,ebit,,,
Zysk (strata) z działalności operacyjnej (VI+VII-VIII),EBIT,ebit,,,
Zysk / (strata) na działalności operacyjnej (EBIT),EBIT,ebit,,,
Zysk / Strata na działalności operacyjnej,EBIT,ebit,,,
Zysk / strata na działalności operacyjnej (EBIT),EBIT,ebit,,,
Zysk / strata z działalności operacyjnej (C+D-E),EBIT,ebit,,,
Zysk operacyjny,EBIT,ebit,nazwa generyczna - moze pasowac do wielu pozycji,,
Zysk z działalności operacyjnej (EBIT),EBIT,ebit,,,
Zysk z działalności operacyjnej/EBIT,EBIT,ebit,,,
Zysk/ (strata) na działalności operacyjnej,EBIT,ebit,,,
Zysk/(strata) na działalności operacyjnej,EBIT,ebit,,,
Zysk/(strata) operacyjna,EBIT,ebit,,,
Zysk/(Strata) z działalności operacyjnej (C+D-E),EBIT,ebit,,,
Zysk/Strata brutto na działalności operacyjnej (F+G-H),EBIT,ebit,,,
Zysk/strata na działalności operacyjnej,EBIT,ebit,,,
Zysk/Strata na działalności operacyjnej (C+D-E),EBIT,ebit,,,
Zysk/strata operacyjna,EBIT,ebit,,,
Zysk/Strata z działalności operacyjnej (C+D-E),EBIT,ebit,,,
Koszty prowizji,Koszty prowizyjne,fee_costs?,nazwa generyczna - moze pasowac do wielu pozycji; etykieta poza naszymi 77 kluczami (bank/ubezpieczenia?),,
Koszty z tytułu opłat i prowizji,Koszty prowizyjne,fee_costs?,etykieta poza naszymi 77 kluczami (bank/ubezpieczenia?),,
Koszty z tytułu prowizji i opłat,Koszty prowizyjne,fee_costs?,etykieta poza naszymi 77 kluczami (bank/ubezpieczenia?),,
Przychody z tytułu opłat i prowizji,Przychody prowizyjne,fee_income?,etykieta poza naszymi 77 kluczami (bank/ubezpieczenia?),,
Przychody z tytułu prowizji,Przychody prowizyjne,fee_income?,etykieta poza naszymi 77 kluczami (bank/ubezpieczenia?),,
Przychody z tytułu prowizji i opłat,Przychody prowizyjne,fee_income?,etykieta poza naszymi 77 kluczami (bank/ubezpieczenia?),,
Wynik z tytułu opłat i prowizji,Wynik z tytułu prowizji,fee_result?,etykieta poza naszymi 77 kluczami (bank/ubezpieczenia?),,
Wynik z tytułu prowizji i opłat,Wynik z tytułu prowizji,fee_result?,etykieta poza naszymi 77 kluczami (bank/ubezpieczenia?),,
E Koszty finansowe,Koszty finansowe,finance_costs,,,
H Koszty finansowe (I+II+III+IV),Koszty finansowe,finance_costs,,,
J Koszty finansowe,Koszty finansowe,finance_costs,,,
K Koszty finansowe,Koszty finansowe,finance_costs,,,
Koszty finansowe (I+II+III+IV),Koszty finansowe,finance_costs,,,
D Przychody finansowe,Przychody finansowe,finance_income,,,
G Przychody finansowe (I+II+III+IV+V),Przychody finansowe,finance_income,,,
I Przychody finansowe,Przychody finansowe,finance_income,,,
J Przychody finansowe,Przychody finansowe,finance_income,,,
Przychody finansowe (I+II+III+IV+V),Przychody finansowe,finance_income,,,
+Przepływy pieniężne netto z działalności finansowej (I-II),Przepływy pienięzne z działalności finansowej,financing_cashflow,,,
C Przepływy pieniężne z działalności finansowej,Przepływy pienięzne z działalności finansowej,financing_cashflow,,,
"C,III +Przepływy pieniężne netto z działalności finansowej (I-II)",Przepływy pienięzne z działalności finansowej,financing_cashflow,,,
III Przepływy pieniężne netto z działalności finansowej,Przepływy pienięzne z działalności finansowej,financing_cashflow,,,
III.Przepływy pieniężne netto z działalności finansowej,Przepływy pienięzne z działalności finansowej,financing_cashflow,,,
IX Przepływy pieniężne netto z działalności finansowej,Przepływy pienięzne z działalności finansowej,financing_cashflow,,,
Przepływ pieniężne netto z działalności finansowej,Przepływy pienięzne z działalności finansowej,financing_cashflow,,,
Przepływy netto z działalności finansowej,Przepływy pienięzne z działalności finansowej,financing_cashflow,,,
Przepływy pienięzne z działalności finansowej,Przepływy pienięzne z działalności finansowej,financing_cashflow,,,
Przepływy pienięzne z działalności finansowej (I-II),Przepływy pienięzne z działalności finansowej,financing_cashflow,,,
Przepływy pieniężne netto z działalności finansowej (działalność kontynuowana),Przepływy pienięzne z działalności finansowej,financing_cashflow,,,
Przepływy pieniężne netto z działalności finansowej (I - II),Przepływy pienięzne z działalności finansowej,financing_cashflow,,,
Przepływy pieniężne netto z działalności finansowej (I -II),Przepływy pienięzne z działalności finansowej,financing_cashflow,,,
Przepływy pieniężne netto z działalności finansowej (I+/- II),Przepływy pienięzne z działalności finansowej,financing_cashflow,,,
Przepływy pieniężne netto z działalności finansowej (I+II),Przepływy pienięzne z działalności finansowej,financing_cashflow,,,
Przepływy pieniężne netto z działalności finansowej (I-II),Przepływy pienięzne z działalności finansowej,financing_cashflow,,,
Przepływy pieniężne netto z działalności finansowej (I–II),Przepływy pienięzne z działalności finansowej,financing_cashflow,,,
Przepływy pieniężne netto z działalności finansowej (l+ll),Przepływy pienięzne z działalności finansowej,financing_cashflow,,,
Przepływy pieniężne netto z działalności finansowej RAZEM,Przepływy pienięzne z działalności finansowej,financing_cashflow,,,
Przepływy pieniężne netto z działaności finansowej (I-II),Przepływy pienięzne z działalności finansowej,financing_cashflow,,,
Przepływy pieniężne z działalności finansowej,Przepływy pienięzne z działalności finansowej,financing_cashflow,,,
Przepływy wykorzystane w działalności finansowej,Przepływy pienięzne z działalności finansowej,financing_cashflow,,,
Przepływy z działalności finansowej,Przepływy pienięzne z działalności finansowej,financing_cashflow,,,
Przepływy środków pieniężnych netto z działalności finansowej,Przepływy pienięzne z działalności finansowej,financing_cashflow,,,
Przepływy środków pieniężnych z działalności finansowej,Przepływy pienięzne z działalności finansowej,financing_cashflow,,,
Przepływy środków pieniężnych z działalności finansowej (I+II),Przepływy pienięzne z działalności finansowej,financing_cashflow,,,
PRZEPŁYWY ŚRODKÓW PIENIĘŻNYCH Z DZIAŁALNOŚCI FINANSOWEJ RAZEM,Przepływy pienięzne z działalności finansowej,financing_cashflow,,,
Przepływy środków z działalności finansowej,Przepływy pienięzne z działalności finansowej,financing_cashflow,,,
Razem przepływy pieniężne netto z działalności finansowej,Przepływy pienięzne z działalności finansowej,financing_cashflow,,,
Razem przepływy pieniężne z działalności finansowej,Przepływy pienięzne z działalności finansowej,financing_cashflow,,,
Razem przepływy pieniężne z działalności finansowej:,Przepływy pienięzne z działalności finansowej,financing_cashflow,,,
Środki pieniężne i inne aktywa pieniężne netto z działalności finansowej,Przepływy pienięzne z działalności finansowej,financing_cashflow,,,
ŚRODKI PIENIĘŻNE NETTO (WYKORZYSTANE W) DZIAŁALNOŚCI FINANSOWEJ,Przepływy pienięzne z działalności finansowej,financing_cashflow,,,
Środki pieniężne netto (wykorzystane) w działalności finansowej,Przepływy pienięzne z działalności finansowej,financing_cashflow,,,
Środki pieniężne netto wykorzystane w działalności finansowej,Przepływy pienięzne z działalności finansowej,financing_cashflow,,,
Środki pieniężne netto z działalności finansowej wygenerowane na działalności kontynuowanej,Przepływy pienięzne z działalności finansowej,financing_cashflow,,,
ŚRODKI PIENIĘŻNE NETTO Z W DZIAŁALNOŚCI FINANSOWEJ,Przepływy pienięzne z działalności finansowej,financing_cashflow,,,
Środki pieniężne z działalności finansowej,Przepływy pienięzne z działalności finansowej,financing_cashflow,,,
Środki pieniężne z działalności finansowej netto,Przepływy pienięzne z działalności finansowej,financing_cashflow,,,
2 Wartośd firmy,Wartość firmy,goodwill,,,
2 Wartość firmy,Wartość firmy,goodwill,,,
"2,Wartośćfirmy",Wartość firmy,goodwill,nazwa generyczna - moze pasowac do wielu pozycji,,
3 Wartość firmy,Wartość firmy,goodwill,,,
"[A] A,I,2 Wartość firmy",Wartość firmy,goodwill,,,
A I 2 wartość firmy,Wartość firmy,goodwill,,,
"A,I,2 +Wartość firmy",Wartość firmy,goodwill,,,
"A,I,2 Wartość firmy",Wartość firmy,goodwill,,,
II Wartość firmy,Wartość firmy,goodwill,,,
Wartość firmy jednostek podporządkowanych,Wartość firmy,goodwill,,,
C Zysk / strata ze sprzedaży,Zysk (strata) ze sprzedaży,gross_profit,,,
F Zysk (strata) ze sprzedaży,Zysk (strata) ze sprzedaży,gross_profit,,,
F Zysk (strata) ze sprzedaży (C-D-E),Zysk (strata) ze sprzedaży,gross_profit,,,
Wynik ze sprzedaży (A-B),Zysk (strata) ze sprzedaży,gross_profit,,,
ZYSK (-STRATA) ZE SPRZEDAŻY,Zysk (strata) ze sprzedaży,gross_profit,,,
Zysk (strata) na sprzedaży,Zysk (strata) ze sprzedaży,gross_profit,,,
Zysk (strata) na sprzedaży (A-B),Zysk (strata) ze sprzedaży,gross_profit,,,
Zysk (strata) na sprzedaży (C - D - E),Zysk (strata) ze sprzedaży,gross_profit,,,
Zysk (strata) na sprzedaży (III-IV-V),Zysk (strata) ze sprzedaży,gross_profit,,,
Zysk (strata) ze sprzedaży (A - B),Zysk (strata) ze sprzedaży,gross_profit,,,
Zysk (strata) ze sprzedaży (A -B),Zysk (strata) ze sprzedaży,gross_profit,,,
Zysk (strata) ze sprzedaży (A-B),Zysk (strata) ze sprzedaży,gross_profit,,,
Zysk (strata) ze sprzedaży (A–B),Zysk (strata) ze sprzedaży,gross_profit,,,
Zysk (strata) ze sprzedaży (III-IV-V),Zysk (strata) ze sprzedaży,gross_profit,,,
Zysk (strata) ze sprzedaży (I–II),Zysk (strata) ze sprzedaży,gross_profit,,,
Zysk / Strata ze sprzedaży,Zysk (strata) ze sprzedaży,gross_profit,,,
Zysk / strata ze sprzedaży (A-B),Zysk (strata) ze sprzedaży,gross_profit,,,
Zysk ze sprzedaży,Zysk (strata) ze sprzedaży,gross_profit,,,
Zysk/Strata ze sprzedaży,Zysk (strata) ze sprzedaży,gross_profit,,,
Zysk/Strata ze sprzedaży (A-B),Zysk (strata) ze sprzedaży,gross_profit,,,
ZYSK/STRATA ZE SPRZEDAŻY (C-D-E),Zysk (strata) ze sprzedaży,gross_profit,,,
Koszty odsetek i koszty o podobnym charakterze,Koszty odsetkowe,interest_costs?,etykieta poza naszymi 77 kluczami (bank/ubezpieczenia?),,
Przychody odsetkowe oraz o charakterze zbliżonym do odsetek,Przychody odsetkowe,interest_income?,etykieta poza naszymi 77 kluczami (bank/ubezpieczenia?),,
"Przychody z tytułu odsetek i o podobnym charakterze, w tym:",Przychody odsetkowe,interest_income?,etykieta poza naszymi 77 kluczami (bank/ubezpieczenia?),,
Przychody z tytułu odsetek i przychody o charakterze zbliżonym do odsetek,Przychody odsetkowe,interest_income?,etykieta poza naszymi 77 kluczami (bank/ubezpieczenia?),,
Przychody z tytułu odsetek i przychody o podobnym charakterze:,Przychody odsetkowe,interest_income?,etykieta poza naszymi 77 kluczami (bank/ubezpieczenia?),,
Przychody z tytułu odsetek obliczone przy zastosowaniu metody efektywnej stopy procentowej,Przychody odsetkowe,interest_income?,etykieta poza naszymi 77 kluczami (bank/ubezpieczenia?),,
1 Zapasy,Zapasy,inventory,nazwa generyczna - moze pasowac do wielu pozycji,,
"1,Zapasy",Zapasy,inventory,nazwa generyczna - moze pasowac do wielu pozycji,,
"1,Zapasy",Zapasy,inventory,nazwa generyczna - moze pasowac do wielu pozycji,,
B I Zapasy,Zapasy,inventory,,,
"B,I +Zapasy",Zapasy,inventory,,,
I Zapasy (1+2+3+4+5),Zapasy,inventory,,,
"Nota 7,1 Zapasy",Zapasy,inventory,,,
+Przepływy pieniężne netto z działalności inwestycyjnej (I-II),Przepływy pienięzne z działalności inwestycyjnej,investing_cashflow,,,
B Przepływy pieniężne z działalności inwestycyjnej,Przepływy pienięzne z działalności inwestycyjnej,investing_cashflow,,,
"B,III +Przepływy pieniężne netto z działalności inwestycyjnej (I-II)",Przepływy pienięzne z działalności inwestycyjnej,investing_cashflow,,,
"B,Przepływy środków pieniężnych z działalności inwestycyjnej (I+II)",Przepływy pienięzne z działalności inwestycyjnej,investing_cashflow,,,
III Przepływy pieniężne netto z działalności inwestycyjnej,Przepływy pienięzne z działalności inwestycyjnej,investing_cashflow,,,
"III Przepływy pieniężne netto z działalności inwestycyjnej, razem",Przepływy pienięzne z działalności inwestycyjnej,investing_cashflow,,,
III.Przepływy pieniężne netto z działalności inwestycyjnej,Przepływy pienięzne z działalności inwestycyjnej,investing_cashflow,,,
Przepływ pieniężne netto z działalności inwestycyjnej,Przepływy pienięzne z działalności inwestycyjnej,investing_cashflow,,,
Przepływy netto z działalności inwestycyjnej,Przepływy pienięzne z działalności inwestycyjnej,investing_cashflow,,,
Przepływy pienięzne z działalności inwestycyjnej,Przepływy pienięzne z działalności inwestycyjnej,investing_cashflow,,,
Przepływy pienięzne z działalności inwestycyjnej (I-II),Przepływy pienięzne z działalności inwestycyjnej,investing_cashflow,,,
Przepływy pieniężne netto z działalności inwestycyjnej (działalność kontynuowana),Przepływy pienięzne z działalności inwestycyjnej,investing_cashflow,,,
Przepływy pieniężne netto z działalności inwestycyjnej (I - II),Przepływy pienięzne z działalności inwestycyjnej,investing_cashflow,,,
Przepływy pieniężne netto z działalności inwestycyjnej (I -II),Przepływy pienięzne z działalności inwestycyjnej,investing_cashflow,,,
Przepływy pieniężne netto z działalności inwestycyjnej (I+/- II),Przepływy pienięzne z działalności inwestycyjnej,investing_cashflow,,,
Przepływy pieniężne netto z działalności inwestycyjnej (I+II),Przepływy pienięzne z działalności inwestycyjnej,investing_cashflow,,,
Przepływy pieniężne netto z działalności inwestycyjnej (I-II),Przepływy pienięzne z działalności inwestycyjnej,investing_cashflow,,,
Przepływy pieniężne netto z działalności inwestycyjnej (I–II),Przepływy pienięzne z działalności inwestycyjnej,investing_cashflow,,,
Przepływy pieniężne netto z działalności inwestycyjnej RAZEM,Przepływy pienięzne z działalności inwestycyjnej,investing_cashflow,,,
Przepływy pieniężne netto z działalności inwestycyjnej(I - II),Przepływy pienięzne z działalności inwestycyjnej,investing_cashflow,,,
Przepływy pieniężne wykorzystane w działalności inwestycyjnej,Przepływy pienięzne z działalności inwestycyjnej,investing_cashflow,,,
Przepływy pieniężne z działalności inwestycyjnej,Przepływy pienięzne z działalności inwestycyjnej,investing_cashflow,,,
Przepływy z dział inwestycyjnej,Przepływy pienięzne z działalności inwestycyjnej,investing_cashflow,,,
Przepływy z działalności inwestycyjnej,Przepływy pienięzne z działalności inwestycyjnej,investing_cashflow,,,
Przepływy środków pieniężnych netto z działalności inwestycyjnej,Przepływy pienięzne z działalności inwestycyjnej,investing_cashflow,,,
Przepływy środków pieniężnych netto z działalności inwestycyjnej (I - II),Przepływy pienięzne z działalności inwestycyjnej,investing_cashflow,,,
Przepływy środków pieniężnych z działalności inwestycyjnej,Przepływy pienięzne z działalności inwestycyjnej,investing_cashflow,,,
PRZEPŁYWY ŚRODKÓW PIENIĘŻNYCH Z DZIAŁALNOŚCI INWESTYCYJNEJ RAZEM,Przepływy pienięzne z działalności inwestycyjnej,investing_cashflow,,,
Przepływy środków z działalności inwestycyjnej,Przepływy pienięzne z działalności inwestycyjnej,investing_cashflow,,,
Przychody z inwestycji,Przepływy pienięzne z działalności inwestycyjnej,investing_cashflow,,,
Razem przepływy pieniężne z działalności inwestycyjnej:,Przepływy pienięzne z działalności inwestycyjnej,investing_cashflow,,,
VIII Przepływy pieniężne netto z działalności inwestycyjnej,Przepływy pienięzne z działalności inwestycyjnej,investing_cashflow,,,
Środki pieniężne i inne aktywa pieniężne netto z działalności inwestycyjnej,Przepływy pienięzne z działalności inwestycyjnej,investing_cashflow,,,
ŚRODKI PIENIĘŻNE NETTO (WYKORZYSTANE W) DZIAŁALNOŚCI INWESTYCYJNEJ,Przepływy pienięzne z działalności inwestycyjnej,investing_cashflow,,,
ŚRODKI PIENIĘŻNE NETTO WYDANE W ZWIĄZKU Z DZIAŁALNOŚCIĄ INWESTYCYJNĄ,Przepływy pienięzne z działalności inwestycyjnej,investing_cashflow,,,
Środki pieniężne netto wykorzystane w działalności inwestycyjnej,Przepływy pienięzne z działalności inwestycyjnej,investing_cashflow,,,
Środki pieniężne z działalności inwestycyjnej,Przepływy pienięzne z działalności inwestycyjnej,investing_cashflow,,,
Środki pieniężne z działalności inwestycyjnej netto,Przepływy pienięzne z działalności inwestycyjnej,investing_cashflow,,,
Środki pieniężne z działalności inwestycyjnej wygenerowane na działalności kontynuowanej,Przepływy pienięzne z działalności inwestycyjnej,investing_cashflow,,,
"2,Płatności zobowiązań z tytułu umów leasingu",Spłata zobowiązań z tytułu leasingu,lease_liab_payments,,,
3 Spłata zobowiązań z tytułu umów leasingu,Spłata zobowiązań z tytułu leasingu,lease_liab_payments,,,
7 Płatności zobowiązań z tytułu umów leasingu finansowego,Spłata zobowiązań z tytułu leasingu,lease_liab_payments,,,
"7,Płatności zobowiązań z tytułu umów leasingu finansowego",Spłata zobowiązań z tytułu leasingu,lease_liab_payments,,,
"C,II,7 +Płatności zobowiązań z tytułu umów leasingu finansowego",Spłata zobowiązań z tytułu leasingu,lease_liab_payments,,,
Leasing,Spłata zobowiązań z tytułu leasingu,lease_liab_payments,nazwa generyczna - moze pasowac do wielu pozycji,,
Leasing MSSF 16,Spłata zobowiązań z tytułu leasingu,lease_liab_payments,,,
Opłacenie zobowiązań z tytułu leasingu,Spłata zobowiązań z tytułu leasingu,lease_liab_payments,,,
Opłaty leasingowe,Spłata zobowiązań z tytułu leasingu,lease_liab_payments,nazwa generyczna - moze pasowac do wielu pozycji,,
płatności leasingowe,Spłata zobowiązań z tytułu leasingu,lease_liab_payments,nazwa generyczna - moze pasowac do wielu pozycji,,
Płatności z tytułu leasingu,Spłata zobowiązań z tytułu leasingu,lease_liab_payments,,,
Płatności z tytułu leasingu finansowego,Spłata zobowiązań z tytułu leasingu,lease_liab_payments,,,
Płatności z tytułu umów leasingu finansowego,Spłata zobowiązań z tytułu leasingu,lease_liab_payments,,,
Płatności z umów leasingu,Spłata zobowiązań z tytułu leasingu,lease_liab_payments,,,
Płatności z umów leasingu finansowego,Spłata zobowiązań z tytułu leasingu,lease_liab_payments,,,
Płatności zobowiązań z tytułu leasingu finansowego,Spłata zobowiązań z tytułu leasingu,lease_liab_payments,,,
Płatności zobowiązań z tytułu pozostałych umów leasingu,Spłata zobowiązań z tytułu leasingu,lease_liab_payments,,,
Płatności zobowiązań z tytułu umów leasingu finansowego,Spłata zobowiązań z tytułu leasingu,lease_liab_payments,,,
Płatności zobowiązań z umów leasingu finansowego,Spłata zobowiązań z tytułu leasingu,lease_liab_payments,,,
Płatność zobowiązań z tytułu umów leasingu,Spłata zobowiązań z tytułu leasingu,lease_liab_payments,,,
Płatność zobowiązań z tytułu umów leasingu finansowego,Spłata zobowiązań z tytułu leasingu,lease_liab_payments,,,
Spłata części kapitałowej zobowiązań z tytułu leasingu,Spłata zobowiązań z tytułu leasingu,lease_liab_payments,,,
Spłata głównej części zobowiązań z tytułu leasingu,Spłata zobowiązań z tytułu leasingu,lease_liab_payments,,,
Spłata zobowiązania z tytułu leasingu,Spłata zobowiązań z tytułu leasingu,lease_liab_payments,,,
Spłata zobowiązań finansowych z tytułu leasingu finansowego,Spłata zobowiązań z tytułu leasingu,lease_liab_payments,,,
Spłata zobowiązań leasingowych,Spłata zobowiązań z tytułu leasingu,lease_liab_payments,,,
Spłata zobowiązań z tytułu leasingu (-)Zysk netto za okres obrotowy,Spłata zobowiązań z tytułu leasingu,lease_liab_payments,,,
Spłata zobowiązań z tytułu leasingu finansowego i kredytów bankowych,Spłata zobowiązań z tytułu leasingu,lease_liab_payments,,,
Spłata zobowiązań z tytułu umów leasingu,Spłata zobowiązań z tytułu leasingu,lease_liab_payments,,,
Spłaty leasingów,Spłata zobowiązań z tytułu leasingu,lease_liab_payments,nazwa generyczna - moze pasowac do wielu pozycji,,
spłaty zobowiązań dotyczących leasingu finansowego,Spłata zobowiązań z tytułu leasingu,lease_liab_payments,,,
Spłaty zobowiązań z tytułu leasingu,Spłata zobowiązań z tytułu leasingu,lease_liab_payments,,,
umów leasingu,Spłata zobowiązań z tytułu leasingu,lease_liab_payments,nazwa generyczna - moze pasowac do wielu pozycji,,
Wydatki finansowe z tytułu leasingu,Spłata zobowiązań z tytułu leasingu,lease_liab_payments,,,
Wydatki z tytułu spłaty zobowiązań dotyczących leasingu finansowegoZysk (Strata) z działalności operacyjnej (III+VI+IX+XII+XIII-XIV+XV),Spłata zobowiązań z tytułu leasingu,lease_liab_payments,,,
Zapłacone odsetki od leasingu,Spłata zobowiązań z tytułu leasingu,lease_liab_payments,,,
Zapłacone odsetki z tytułu leasingu,Spłata zobowiązań z tytułu leasingu,lease_liab_payments,,,
"Zapłacone zobowiązania z tytułu leasingu, zaliczone do działalności finansowej",Spłata zobowiązań z tytułu leasingu,lease_liab_payments,,,
Zapłata rat leasingu,Spłata zobowiązań z tytułu leasingu,lease_liab_payments,,,
"Bilansowa zmiana stanu środków pieniężnych, w tym:",Przepływy pieniężne razem,net_cashflow,,,
D Przepływy pieniężne netto razem,Przepływy pieniężne razem,net_cashflow,,,
"D Przepływy pieniężne netto, razem",Przepływy pieniężne razem,net_cashflow,,,
D Przepływy pieniężne razem (przed różnicami kursowymi),Przepływy pieniężne razem,net_cashflow,,,
Przepływy pieniężne netto ogółem,Przepływy pieniężne razem,net_cashflow,,,
Przepływy pieniężne netto razem (A ± B ± C),Przepływy pieniężne razem,net_cashflow,,,
"PRZEPŁYWY PIENIĘŻNE NETTO RAZEM (A,+B,+C,)",Przepływy pieniężne razem,net_cashflow,,,
"PRZEPŁYWY PIENIĘŻNE NETTO RAZEM (A,III + B,III + C,III)",Przepływy pieniężne razem,net_cashflow,,,
"Przepływy pieniężne netto razem (A,III +/- B,III +/- C,III)",Przepływy pieniężne razem,net_cashflow,,,
"Przepływy pieniężne netto razem (A,III+/- B,III+/-C,III)",Przepływy pieniężne razem,net_cashflow,,,
"PRZEPŁYWY PIENIĘŻNE NETTO RAZEM (A,III+/-B,III+/-C,III)",Przepływy pieniężne razem,net_cashflow,,,
"Przepływy pieniężne netto razem (A,III+/-BIII+/-CIII)",Przepływy pieniężne razem,net_cashflow,,,
"Przepływy pieniężne netto razem (A,III+/–B,III+/-C,III)",Przepływy pieniężne razem,net_cashflow,,,
"Przepływy pieniężne netto razem (A,III,+B,III+C,III)",Przepływy pieniężne razem,net_cashflow,,,
"Przepływy pieniężne netto razem (A,III±B,III±C,III)",Przepływy pieniężne razem,net_cashflow,,,
Przepływy pieniężne netto razem (A.III+/- B.III+/- C.III),Przepływy pieniężne razem,net_cashflow,,,
"Przepływy pieniężne netto razem (AIII,+BIII,+CIII)",Przepływy pieniężne razem,net_cashflow,,,
"Przepływy pieniężne netto razem (AIII,+BIII,+CIII,)",Przepływy pieniężne razem,net_cashflow,,,
PRZEPŁYWY PIENIĘŻNE NETTO RAZEM (I+II+III),Przepływy pieniężne razem,net_cashflow,,,
"Przepływy pieniężne netto razem(A,III+/-B,III+/-C,III)",Przepływy pieniężne razem,net_cashflow,,,
"Przepływy pieniężne netto, razem (A,III +/- B,III +/- C,III)",Przepływy pieniężne razem,net_cashflow,,,
"Przepływy pieniężne netto, razem (A,III+/- B,III+/-C,III)",Przepływy pieniężne razem,net_cashflow,,,
"PRZEPŁYWY PIENIĘŻNE NETTO, RAZEM (A,III+/-B,III+/-C,III)",Przepływy pieniężne razem,net_cashflow,,,
"Przepływy pieniężne netto, razem (A,IV+B,III+C,III)",Przepływy pieniężne razem,net_cashflow,,,
"Przepływy pieniężne netto, razem (A,V+B,III+C,III)",Przepływy pieniężne razem,net_cashflow,,,
"Przepływy pieniężne netto, razem (A.III+/-B.III+/-C.III)",Przepływy pieniężne razem,net_cashflow,,,
"Przepływy pieniężne netto, razem (A.III+/–B.III+/-C.III)",Przepływy pieniężne razem,net_cashflow,,,
"PRZEPŁYWY PIENIĘŻNE NETTO, RAZEM (AIV+/-BIII+/-CIII)",Przepływy pieniężne razem,net_cashflow,,,
"Przepływy pieniężne netto, razem za okres",Przepływy pieniężne razem,net_cashflow,,,
Przepływy pieniężne razem,Przepływy pieniężne razem,net_cashflow,,,
Przepływy pieniężne razem (A.III+/-B.III+/-C.III),Przepływy pieniężne razem,net_cashflow,,,
Przepływy środków pieniężnych razem (A + B + C),Przepływy pieniężne razem,net_cashflow,,,
Przychody ze sprzedaży netto ogółem,Przepływy pieniężne razem,net_cashflow,,,
Razem przepływy pieniężne netto,Przepływy pieniężne razem,net_cashflow,,,
"Razem przepływy pieniężne netto, razem (A,III +/-B,III +/-C,III)",Przepływy pieniężne razem,net_cashflow,,,
"X Przepływy pieniężne netto, razem",Przepływy pieniężne razem,net_cashflow,,,
Zmiana stanu środków pieniężnych,Przepływy pieniężne razem,net_cashflow,,,
"Zmiana stanu środków pieniężnych netto, razem (A+B+C)",Przepływy pieniężne razem,net_cashflow,,,
Zmiana stanu śroków pieniężnych,Przepływy pieniężne razem,net_cashflow,,,
Zwiększenia (zmniejszenia) netto stanu środków pieniężnych i ich ekwiwalentów,Przepływy pieniężne razem,net_cashflow,,,
Zwiększenia/(zmniejszenia) netto środków pieniężnych i ich ekwiwalentów,Przepływy pieniężne razem,net_cashflow,,,
Zwiększenie (Zmniejszenie) netto środków pieniężnych i ich ekwiwalentów,Przepływy pieniężne razem,net_cashflow,,,
Zwiększenie (zmniejszenie) stanu środków pieniężnych i ich ekwiwalentów,Przepływy pieniężne razem,net_cashflow,,,
Zwiększenie (zmniejszenie) stanu środków pieniężnych i ich ekwiwalentów przed skutkami zmian kursów pieniężnych i ich ekwiwalentów przed,Przepływy pieniężne razem,net_cashflow,,,
Zwiększenie (zmniejszenie) stanu środków pieniężnych i ich ekwiwalentów przed skutkami zmian kursów wymiany),Przepływy pieniężne razem,net_cashflow,,,
Zwiększenie /(zmniejszenie) netto środków pieniężnych i ich ekwiwalentów,Przepływy pieniężne razem,net_cashflow,,,
Zwiększenie/ (zmniejszenie) netto środków pieniężnych,Przepływy pieniężne razem,net_cashflow,,,
Zwiększenie/ zmniejszenie stanu środków pieniężnych i ekwiwalentów środków pieniężnych,Przepływy pieniężne razem,net_cashflow,,,
Zwiększenie/(Zmniejszenie) netto stanu środków pieniężnych,Przepływy pieniężne razem,net_cashflow,,,
Zwiększenie/(zmniejszenie) netto środków pieniężnych i ich ekwiwalentów,Przepływy pieniężne razem,net_cashflow,,,
Zwiększenie/Zmniejszenie stanu środków pieniężnych,Przepływy pieniężne razem,net_cashflow,,,
J Zysk (strata) z działalności gospodarczej,Zysk (strata) z działalności gospodarczej,net_gross_profit,,,
J Zysk (strata) z działalności gospodarczej (F + G - H +/- I),Zysk (strata) z działalności gospodarczej,net_gross_profit,,,
J Zysk (strata) z działalności gospodarczej (F+G–H+/–I),Zysk (strata) z działalności gospodarczej,net_gross_profit,,,
J Zysk (strata)z działalności gospodarczej (F+G-H+/-I),Zysk (strata) z działalności gospodarczej,net_gross_profit,,,
N Zysk / (strata) netto z działalności gospodarczej (L-M),Zysk (strata) z działalności gospodarczej,net_gross_profit,,,
Zysk (strata) brutto z działalności gospodarczej (I+J-K),Zysk (strata) z działalności gospodarczej,net_gross_profit,,,
Zysk (strata) z działalności gospodarczej (F + G - H +/- I),Zysk (strata) z działalności gospodarczej,net_gross_profit,,,
Zysk (strata) z działalności gospodarczej (F+G-H),Zysk (strata) z działalności gospodarczej,net_gross_profit,,,
Zysk (strata) z działalności gospodarczej (F+G-H+/-I),Zysk (strata) z działalności gospodarczej,net_gross_profit,,,
Zysk (strata) z działalności gospodarczej (F+G-H+I),Zysk (strata) z działalności gospodarczej,net_gross_profit,,,
Zysk (strata) z działalności gospodarczej (F+G-H+I),Zysk (strata) z działalności gospodarczej,net_gross_profit,,,
Zysk (strata) z działalności gospodarczej (F+G–H+/-I),Zysk (strata) z działalności gospodarczej,net_gross_profit,,,
ZYSK (STRATA) Z DZIAŁALNOŚCI GOSPODARCZEJ (F+G–H+/–I),Zysk (strata) z działalności gospodarczej,net_gross_profit,,,
Zysk (strata) z działalności gospodarczej (I + J - K +/- L),Zysk (strata) z działalności gospodarczej,net_gross_profit,,,
Zysk / Strata z działalności gospodarczej,Zysk (strata) z działalności gospodarczej,net_gross_profit,,,
Zysk/strata netto z działalności gospodarczej (L-M-N),Zysk (strata) z działalności gospodarczej,net_gross_profit,,,
ZYSK/STRATA Z DZIAŁALNOŚCI GOSPODARCZEJ (F+G-H+/-I),Zysk (strata) z działalności gospodarczej,net_gross_profit,,,
(STRATA) NETTO,Zysk netto,net_profit,nazwa generyczna - moze pasowac do wielu pozycji; nazwa mowi o STRACIE - sprawdz znak,,
(STRATA) NETTO ZA OKRES SPRAWOZDAWCZY,Zysk netto,net_profit,nazwa mowi o STRACIE - sprawdz znak,,
(Strata)/Zysk netto za okres obrotowy,Zysk netto,net_profit,nazwa mowi o STRACIE - sprawdz znak,,
IV Zysk (strata) netto,Zysk netto,net_profit,,,
K Zysk (strata) netto (I - J - K),Zysk netto,net_profit,,,
L Zysk (strat) netto (I-J-K),Zysk netto,net_profit,,,
L Zysk (strata) netto,Zysk netto,net_profit,,,
L Zysk (strata) netto (I - J - K),Zysk netto,net_profit,,,
L Zysk (strata) netto (I-J-K),Zysk netto,net_profit,,,
L Zysk (strata) netto (I-J-K),Zysk netto,net_profit,,,
L Zysk (strata) netto (I–J–K),Zysk netto,net_profit,,,
L Zysk (Strata) netto (K-L-M),Zysk netto,net_profit,,,
L Zysk / strata netto,Zysk netto,net_profit,,,
L ZYSK/STRATA NETTO ( I-J-K ),Zysk netto,net_profit,,,
N Wynik okresu,Zysk netto,net_profit,,,
N Zysk (strata) netto (I-J-K),Zysk netto,net_profit,,,
N Zysk (strata) netto (J-K-L+/-M),Zysk netto,net_profit,,,
netto,Zysk netto,net_profit,nazwa generyczna - moze pasowac do wielu pozycji,,
O Zysk (strata) netto,Zysk netto,net_profit,,,
O Zysk (strata) netto (I-J-K),Zysk netto,net_profit,,,
O Zysk (strata) netto (L-M-N),Zysk netto,net_profit,,,
P Zysk / (strata) netto (N+O),Zysk netto,net_profit,,,
P ZYSK/STRATA NETTO (L-M-O),Zysk netto,net_profit,,,
Q Zysk (strata) netto (N-O-P),Zysk netto,net_profit,,,
R Zysk (strata) netto (N-O–P+/–Q),Zysk netto,net_profit,,,
R Zysk/Strata netto(N-O-P),Zysk netto,net_profit,,,
S Zysk (strata) netto (I-J-K),Zysk netto,net_profit,,,
S Zysk (strata) netto (N - O - P +/- R),Zysk netto,net_profit,,,
Strata netto,Zysk netto,net_profit,nazwa generyczna - moze pasowac do wielu pozycji; nazwa mowi o STRACIE - sprawdz znak,,
Wynik netto,Zysk netto,net_profit,nazwa generyczna - moze pasowac do wielu pozycji,,
Wynik netto (K-L-M),Zysk netto,net_profit,,,
Wynik netto za okres,Zysk netto,net_profit,,,
Wynik okresu,Zysk netto,net_profit,nazwa generyczna - moze pasowac do wielu pozycji,,
ZYSK ( STRATA ) NETTO ( I - J - K ),Zysk netto,net_profit,,,
Zysk ( strata ) netto ( I – J – K + L ),Zysk netto,net_profit,,,
Zysk ( strata) netto,Zysk netto,net_profit,,,
ZYSK (-STRATA) NETTO,Zysk netto,net_profit,,,
Zysk (starta) netto,Zysk netto,net_profit,,,
Zysk (strata),Zysk netto,net_profit,nazwa generyczna - moze pasowac do wielu pozycji,,
zysk (strata) netto,Zysk netto,net_profit,,,
Zysk (strata) netto ( N-O-P+/-R),Zysk netto,net_profit,,,
Zysk (strata) netto (H+I),Zysk netto,net_profit,,,
Zysk (strata) netto (I- J- K),Zysk netto,net_profit,,,
Zysk (strata) netto (I-J),Zysk netto,net_profit,,,
Zysk (strata) netto (I-J-K),Zysk netto,net_profit,,,
Zysk (strata) netto (I-J-K),Zysk netto,net_profit,,,
Zysk (strata) netto (IX-X-XI),Zysk netto,net_profit,,,
Zysk (strata) netto (I–J–K),Zysk netto,net_profit,,,
Zysk (strata) netto (J-K),Zysk netto,net_profit,,,
Zysk (strata) netto (J-K-L-N),Zysk netto,net_profit,,,
Zysk (strata) netto (K-L-M),Zysk netto,net_profit,,,
Zysk (strata) netto (K-L-M-N),Zysk netto,net_profit,,,
Zysk (strata) netto (K–L–M),Zysk netto,net_profit,,,
Zysk (strata) netto (L-M-N),Zysk netto,net_profit,,,
Zysk (strata) netto (L–M–N),Zysk netto,net_profit,,,
Zysk (strata) netto (L–M–N),Zysk netto,net_profit,,,
Zysk (strata) netto (M-N-O+/-P+/-Q),Zysk netto,net_profit,,,
Zysk (strata) netto (M-N-O-P),Zysk netto,net_profit,,,
Zysk (strata) netto (N - O - P +/- R),Zysk netto,net_profit,,,
Zysk (strata) netto (N – O – P +/– R),Zysk netto,net_profit,,,
ZYSK (STRATA) NETTO (N – O – P),Zysk netto,net_profit,,,
Zysk (strata) netto (N-O+P+/-R),Zysk netto,net_profit,,,
Zysk (strata) netto (N-O-P),Zysk netto,net_profit,,,
Zysk (strata) netto (N-O-P+/-Q+/-R),Zysk netto,net_profit,,,
Zysk (strata) netto (N-O-P+/-R),Zysk netto,net_profit,,,
Zysk (strata) netto (N–O–P+/-R),Zysk netto,net_profit,,,
ZYSK (STRATA) NETTO (N–O–P+/–R),Zysk netto,net_profit,,,
ZYSK (STRATA) NETTO (O-P-Q+/-R),Zysk netto,net_profit,,,
Zysk (strata) netto (XII+/-XIII),Zysk netto,net_profit,,,
Zysk (strata) netto (XIII-XIV+/-XV),Zysk netto,net_profit,,,
Zysk (strata) netto (XIII-XIV-XV),Zysk netto,net_profit,,,
Zysk (Strata) Netto (XXII-XXIII-XXIV),Zysk netto,net_profit,,,
Zysk (strata) netto ogółem,Zysk netto,net_profit,,,
Zysk (strata) netto okresu obrotowego,Zysk netto,net_profit,,,
Zysk (strata) netto razem,Zysk netto,net_profit,,,
Zysk (strata) netto z działalności,Zysk netto,net_profit,,,
Zysk (strata) netto za okres,Zysk netto,net_profit,,,
Zysk (strata) netto za okres,Zysk netto,net_profit,,,
Zysk (strata) netto za okres sprawozdawczy,Zysk netto,net_profit,,,
Zysk (strata) netto za rok obrotowy,Zysk netto,net_profit,,,
"Zysk (strata) netto, w tym przypadający/(a) na:",Zysk netto,net_profit,,,
"Zysk (strata) netto, w tym:",Zysk netto,net_profit,,,
Zysk (strata) netto:,Zysk netto,net_profit,,,
Zysk (strata) roku obrotowego,Zysk netto,net_profit,,,
Zysk (strata)netto,Zysk netto,net_profit,,,
zysk - strata netto,Zysk netto,net_profit,,,
Zysk / (Strata) netto,Zysk netto,net_profit,,,
ZYSK / (STRATA) NETTO OGÓŁEM,Zysk netto,net_profit,,,
Zysk / (Strata) netto za okres,Zysk netto,net_profit,,,
Zysk / (strata) netto za okres sprawozdawczy,Zysk netto,net_profit,,,
Zysk / (strata) netto za rok obrotowy,Zysk netto,net_profit,,,
Zysk / Strata netto,Zysk netto,net_profit,,,
Zysk / strata netto (I-J-K),Zysk netto,net_profit,,,
Zysk / Strata netto (I-J-K),Zysk netto,net_profit,,,
Zysk / Strata netto ogółem,Zysk netto,net_profit,,,
"Zysk / strata netto za okres sprawozdawczy, w tym:",Zysk netto,net_profit,,,
Zysk /(strata) netto,Zysk netto,net_profit,,,
Zysk /(strata) netto za okres,Zysk netto,net_profit,,,
Zysk /(Strata) netto za okres obrotowy,Zysk netto,net_profit,,,
ZYSK /(STRATA) NETTO ZA ROK OBROTOWY,Zysk netto,net_profit,,,
Zysk netto (I-J-K),Zysk netto,net_profit,,,
Zysk netto ogółem,Zysk netto,net_profit,,,
Zysk netto okresu,Zysk netto,net_profit,,,
Zysk netto okresu sprawozdawczego,Zysk netto,net_profit,,,
Zysk netto za okres,Zysk netto,net_profit,,,
Zysk netto za okres sprawozdawczy,Zysk netto,net_profit,,,
Zysk netto za rok obrotowy,Zysk netto,net_profit,,,
"Zysk netto, w tym przypisany::",Zysk netto,net_profit,,,
"Zysk netto, w tym:",Zysk netto,net_profit,,,
"Zysk netto, z tego przypadający:",Zysk netto,net_profit,,,
Zysk za okres,Zysk netto,net_profit,,,
Zysk za okres sprawozdawczy,Zysk netto,net_profit,,,
Zysk za rok obrotowy,Zysk netto,net_profit,,,
Zysk/ (strata) netto,Zysk netto,net_profit,,,
Zysk/ (strata) netto za rok obrotowy,Zysk netto,net_profit,,,
Zysk/(Strata) netto,Zysk netto,net_profit,,,
Zysk/(Strata) netto (I-J-K),Zysk netto,net_profit,,,
Zysk/(Strata) netto (K-L-M),Zysk netto,net_profit,,,
Zysk/(strata) netto razem,Zysk netto,net_profit,,,
Zysk/(strata) netto za okres,Zysk netto,net_profit,,,
Zysk/(Strata) netto za okres obrotowy,Zysk netto,net_profit,,,
Zysk/(strata) netto za okres sprawozdawczy,Zysk netto,net_profit,,,
Zysk/(strata) netto za rok obrotowy,Zysk netto,net_profit,,,
Zysk/(strata) przypadający:,Zysk netto,net_profit,,,
zysk/strata netto,Zysk netto,net_profit,,,
ZYSK/STRATA NETTO ( N-O-P+/-R),Zysk netto,net_profit,,,
ZYSK/STRATA NETTO (O-P-Q+/-R)),Zysk netto,net_profit,,,
Zysk/Strata netto ogółem,Zysk netto,net_profit,,,
Zysk/Strata netto okresu obrotowego,Zysk netto,net_profit,,,
Zysk/Strata netto okresu z działalności kontynuowanej,Zysk netto,net_profit,,,
Zysk/strata netto roku obrotowego,Zysk netto,net_profit,,,
Zysk/strata netto za okres sprawozdawczy,Zysk netto,net_profit,,,
Zysk/strata netto za okres:,Zysk netto,net_profit,,,
Zysk/strata netto za rok obrotowy (O+P),Zysk netto,net_profit,,,
[A] A Aktywa trwałe,Aktywa trwałe,noncurrent_assets,,,
A AKTYWA TRWAŁE (I+II+II+IV+V),Aktywa trwałe,noncurrent_assets,,,
"A,Aktywatrwałe",Aktywa trwałe,noncurrent_assets,nazwa generyczna - moze pasowac do wielu pozycji,,
Aktywa ogółem trwałe,Aktywa trwałe,noncurrent_assets,,,
Aktywa razem trwałe,Aktywa trwałe,noncurrent_assets,,,
Aktywa trwałe (długoterminowe),Aktywa trwałe,noncurrent_assets,,,
Aktywa trwałe (długoterminowe) ogółem,Aktywa trwałe,noncurrent_assets,,,
AKTYWA TRWAŁE (I+II+III+IV),Aktywa trwałe,noncurrent_assets,,,
AKTYWA TRWAŁE (I+II+III+IV+V),Aktywa trwałe,noncurrent_assets,,,
AKTYWA TRWAŁE DŁUGOTERMINOWE,Aktywa trwałe,noncurrent_assets,,,
Aktywa trwałe ogółem,Aktywa trwałe,noncurrent_assets,,,
I AKTYWA TRWAŁE,Aktywa trwałe,noncurrent_assets,,,
"I,Aktywa trwałe",Aktywa trwałe,noncurrent_assets,,,
"I,Aktywatrwałe",Aktywa trwałe,noncurrent_assets,nazwa generyczna - moze pasowac do wielu pozycji,,
Razem aktywa trwałe,Aktywa trwałe,noncurrent_assets,,,
"[P] B,II Zobowiązania długoterminowe",Zobowiązania długoterminowe,noncurrent_liabilities,,,
A ZOBOWIĄZANIA DŁUGOTERMINOWE,Zobowiązania długoterminowe,noncurrent_liabilities,,,
"D,II +Zobowiązania długoterminowe",Zobowiązania długoterminowe,noncurrent_liabilities,,,
"D,II Zobowiązania długoterminowe",Zobowiązania długoterminowe,noncurrent_liabilities,,,
Długoterminowe zobowiązania,Zobowiązania długoterminowe,noncurrent_liabilities,nazwa generyczna - moze pasowac do wielu pozycji,,
Długoterminowe zobowiązania i rezerwy na zobowiązania,Zobowiązania długoterminowe,noncurrent_liabilities,,,
"II,Zobowiązaniadługoterminowe",Zobowiązania długoterminowe,noncurrent_liabilities,nazwa generyczna - moze pasowac do wielu pozycji,,
Razem zobowiązania długoterminowe,Zobowiązania długoterminowe,noncurrent_liabilities,,,
Zobowiązania długoterminowe (na koniec bieżącego kwartału i koniec poprzedniego roku obrotowego),Zobowiązania długoterminowe,noncurrent_liabilities,,,
Zobowiązania długoterminowe i rezerwy na zobowiązania,Zobowiązania długoterminowe,noncurrent_liabilities,,,
Zobowiązania długoterminowe ogółem,Zobowiązania długoterminowe,noncurrent_liabilities,,,
Zobowiązania i rezerwy długoterminowe,Zobowiązania długoterminowe,noncurrent_liabilities,,,
Zobowiązanie długoterminowe razem,Zobowiązania długoterminowe,noncurrent_liabilities,,,
+Przepływy pieniężne netto z działalności operacyjnej (I+/-II),Przepływy pienięzne z działalności operacyjnej,operating_cashflow,,,
9 Pozostałe przychody operacyjne,Przepływy pienięzne z działalności operacyjnej,operating_cashflow,,,
"A,III +Przepływy pieniężne netto z działalności operacyjnej (I+/-II)",Przepływy pienięzne z działalności operacyjnej,operating_cashflow,,,
III Przepływy pieniężne netto z działalności operacyjnej,Przepływy pienięzne z działalności operacyjnej,operating_cashflow,,,
III Przepływy pieniężne netto z działalności operacyjnej (I +/- II),Przepływy pienięzne z działalności operacyjnej,operating_cashflow,,,
III Przepływy pieniężne netto z działalności operacyjnej (I ± II),Przepływy pienięzne z działalności operacyjnej,operating_cashflow,,,
III Przepływy pieniężne netto z działalności operacyjnej (I+/-II),Przepływy pienięzne z działalności operacyjnej,operating_cashflow,,,
III Przepływy pieniężne netto z działalności operacyjnej (I±II),Przepływy pienięzne z działalności operacyjnej,operating_cashflow,,,
"III Przepływy pieniężne netto z działalności operacyjnej, razem",Przepływy pienięzne z działalności operacyjnej,operating_cashflow,,,
"III,Przepływy pieniężne netto z działalności operacyjnej (I +/-II)",Przepływy pienięzne z działalności operacyjnej,operating_cashflow,,,
"III,Przepływy pieniężne netto z działalności operacyjnej (I+/-II)",Przepływy pienięzne z działalności operacyjnej,operating_cashflow,,,
IV Przepływy pieniężne z działalności operacyjnej,Przepływy pienięzne z działalności operacyjnej,operating_cashflow,,,
Przepływ pieniężne netto z działalności operacyjnej,Przepływy pienięzne z działalności operacyjnej,operating_cashflow,,,
Przepływy netto z działalności operacyjnej,Przepływy pienięzne z działalności operacyjnej,operating_cashflow,,,
Przepływy pienięzne z działalności operacyjnej (I+/-II),Przepływy pienięzne z działalności operacyjnej,operating_cashflow,,,
Przepływy pieniężne netto działalności operacyjnej razem,Przepływy pienięzne z działalności operacyjnej,operating_cashflow,,,
Przepływy pieniężne netto z działalności operacyjnej ( I+/-II),Przepływy pienięzne z działalności operacyjnej,operating_cashflow,,,
Przepływy pieniężne netto z działalności operacyjnej (działalność kontynuowana),Przepływy pienięzne z działalności operacyjnej,operating_cashflow,,,
Przepływy pieniężne netto z działalności operacyjnej (I + II),Przepływy pienięzne z działalności operacyjnej,operating_cashflow,,,
Przepływy pieniężne netto z działalności operacyjnej (I +/- II),Przepływy pienięzne z działalności operacyjnej,operating_cashflow,,,
Przepływy pieniężne netto z działalności operacyjnej (I +/-II),Przepływy pienięzne z działalności operacyjnej,operating_cashflow,,,
Przepływy pieniężne netto z działalności operacyjnej (I ± II),Przepływy pienięzne z działalności operacyjnej,operating_cashflow,,,
Przepływy pieniężne netto z działalności operacyjnej (I+/ -II),Przepływy pienięzne z działalności operacyjnej,operating_cashflow,,,
Przepływy pieniężne netto z działalności operacyjnej (I+/- II),Przepływy pienięzne z działalności operacyjnej,operating_cashflow,,,
Przepływy pieniężne netto z działalności operacyjnej (I+/-II),Przepływy pienięzne z działalności operacyjnej,operating_cashflow,,,
Przepływy pieniężne netto z działalności operacyjnej (I+/-II) - metoda pośrednia,Przepływy pienięzne z działalności operacyjnej,operating_cashflow,,,
Przepływy pieniężne netto z działalności operacyjnej (I+/–II),Przepływy pienięzne z działalności operacyjnej,operating_cashflow,,,
Przepływy pieniężne netto z działalności operacyjnej (I+II),Przepływy pienięzne z działalności operacyjnej,operating_cashflow,,,
Przepływy pieniężne netto z działalności operacyjnej (III+ Podatek zapłacony /zwrócony),Przepływy pienięzne z działalności operacyjnej,operating_cashflow,,,
Przepływy pieniężne netto z działalności operacyjnej (I±II),Przepływy pienięzne z działalności operacyjnej,operating_cashflow,,,
Przepływy pieniężne netto z działalności operacyjnej razem,Przepływy pienięzne z działalności operacyjnej,operating_cashflow,,,
Przepływy pieniężne z działalności operacyjnej,Przepływy pienięzne z działalności operacyjnej,operating_cashflow,,,
Przepływy pieniężne z/(wykorzystane w) działalności operacyjnej,Przepływy pienięzne z działalności operacyjnej,operating_cashflow,,,
Przepływy z dział operacyjnej,Przepływy pienięzne z działalności operacyjnej,operating_cashflow,,,
Przepływy z działalności operacyjnej,Przepływy pienięzne z działalności operacyjnej,operating_cashflow,,,
Przepływy środków pieniężnych netto z działalności operacyjnej,Przepływy pienięzne z działalności operacyjnej,operating_cashflow,,,
Przepływy środków pieniężnych netto z działalności operacyjnej (I+/-II),Przepływy pienięzne z działalności operacyjnej,operating_cashflow,,,
Przepływy środków pieniężnych z działalności operacyjnej,Przepływy pienięzne z działalności operacyjnej,operating_cashflow,,,
Przepływy środków pieniężnych z działalności operacyjnej - metoda pośrednia (I+II+III),Przepływy pienięzne z działalności operacyjnej,operating_cashflow,,,
PRZEPŁYWY ŚRODKÓW PIENIĘŻNYCH Z DZIAŁALNOŚCI OPERACYJNEJ RAZEM,Przepływy pienięzne z działalności operacyjnej,operating_cashflow,,,
Przepływy środków z działalności operacyjnej,Przepływy pienięzne z działalności operacyjnej,operating_cashflow,,,
PŚrodki pieniężne netto wykorzystane w działalności operacyjnej,Przepływy pienięzne z działalności operacyjnej,operating_cashflow,,,
VII Przepływy pieniężne netto z działalności operacyjnej,Przepływy pienięzne z działalności operacyjnej,operating_cashflow,,,
Środki pieniężne i inne aktywa pieniężne netto z działalności operacyjnej,Przepływy pienięzne z działalności operacyjnej,operating_cashflow,,,
ŚRODKI PIENIĘŻNE NETTO (WYKORZYSTANE W) DZIAŁALNOŚCI OPERACYJNEJ,Przepływy pienięzne z działalności operacyjnej,operating_cashflow,,,
Środki pieniężne netto wygenerowane w działalności operacyjnej,Przepływy pienięzne z działalności operacyjnej,operating_cashflow,,,
Środki pieniężne wygenerowane na działalności operacyjnej przed opodatkowaniem,Przepływy pienięzne z działalności operacyjnej,operating_cashflow,,,
Środki pieniężne z działalności operacyjnej netto,Przepływy pienięzne z działalności operacyjnej,operating_cashflow,,,
"Kapitał (fundusz) zapasowy, w tym:",Kapitał (fundusz) zapasowy,reserve,,,
Kapitał zapasowy oraz pozostałe kapitały rezerwowe,Kapitał (fundusz) zapasowy,reserve,,,
"A Przychody netto ze sprzedaży i zrównane z nimi, w tym:",Przychody ze sprzedaży,revenues,,,
"A Przychody netto ze sprzedaży i zrównane z nimi, w tym: od jednostek powiązanych",Przychody ze sprzedaży,revenues,,,
"A PRZYCHODY NETTO ZE SPRZEDAŻY I ZRÓWNANIE Z NIMI, W TYM",Przychody ze sprzedaży,revenues,,,
A Przychody ze sprzedaży,Przychody ze sprzedaży,revenues,,,
A Przychody ze sprzedaży i zrównane z nimi,Przychody ze sprzedaży,revenues,,,
"A Przychody ze sprzedaży i zrównane z nimi,",Przychody ze sprzedaży,revenues,,,
"A Przychody ze sprzedaży i zrównane z nimi, w tym",Przychody ze sprzedaży,revenues,,,
"A,Przychody netto ze sprzedaży i zrównane z nimi, w tym:",Przychody ze sprzedaży,revenues,,,
I Przychody ze sprzedaży,Przychody ze sprzedaży,revenues,,,
Przychody,Przychody ze sprzedaży,revenues,nazwa generyczna - moze pasowac do wielu pozycji,,
"Przychody netto ze sprzeda!y i zrównane z nimi, w tym:",Przychody ze sprzedaży,revenues,,,
Przychody netto ze sprzedaży,Przychody ze sprzedaży,revenues,,,
"Przychody netto ze sprzedaży i z równane z nimi, w tym:",Przychody ze sprzedaży,revenues,,,
Przychody netto ze sprzedaży i zrównane z nimi,Przychody ze sprzedaży,revenues,,,
Przychody netto ze sprzedaży i zrównane z nimi w tym:,Przychody ze sprzedaży,revenues,,,
"Przychody netto ze sprzedaży i zrównane z nimi,",Przychody ze sprzedaży,revenues,,,
"Przychody netto ze sprzedaży i zrównane z nimi, w tym:",Przychody ze sprzedaży,revenues,,,
"Przychody netto ze sprzedaży i zrównane z nimi, w tym: od jednostek powiązanych",Przychody ze sprzedaży,revenues,,,
Przychody netto ze sprzedaży i zrównane z nimi:,Przychody ze sprzedaży,revenues,,,
Przychody netto ze sprzedaży i zrównanie z nimi w tym:,Przychody ze sprzedaży,revenues,,,
"PRZYCHODY NETTO ZE SPRZEDAŻY I ZRÓWNANIE Z NIMI, w tym :",Przychody ze sprzedaży,revenues,,,
"Przychody netto ze sprzedaży i zrównanie z nimi, w tym:",Przychody ze sprzedaży,revenues,,,
Przychody netto ze sprzedaży produktów,Przychody ze sprzedaży,revenues,,,
Przychody netto ze sprzedaży produktów i towarów,Przychody ze sprzedaży,revenues,,,
"Przychody netto ze sprzedaży produktów i towarów, w tym:",Przychody ze sprzedaży,revenues,,,
Przychody netto ze sprzedaży produktów i usług,Przychody ze sprzedaży,revenues,,,
Przychody netto ze sprzedaży produktów i usług oraz towarów i materiałów,Przychody ze sprzedaży,revenues,,,
Przychody netto ze sprzedaży produktów towarów i materiałów w tym:,Przychody ze sprzedaży,revenues,,,
"Przychody netto ze sprzedaży produktów, towarów",Przychody ze sprzedaży,revenues,,,
"Przychody netto ze sprzedaży produktów, towarów i materiałów",Przychody ze sprzedaży,revenues,,,
"Przychody netto ze sprzedaży produktów, towarów i materiałów w tym :",Przychody ze sprzedaży,revenues,,,
"Przychody netto ze sprzedaży produktów, towarów i materiałów, w tym:",Przychody ze sprzedaży,revenues,,,
"Przychody netto ze sprzedaży produktów, towarów, materiałów i usług, w tym:",Przychody ze sprzedaży,revenues,,,
"Przychody netto ze sprzedaży produktów, towarów, materiałów i usług, w tym:",Przychody ze sprzedaży,revenues,,,
"Przychody netto ze sprzedaży produktów, towarów, w tym:",Przychody ze sprzedaży,revenues,,,
"Przychody netto ze sprzedaży produktów, usług, towarów i materiałów",Przychody ze sprzedaży,revenues,,,
Przychody netto ze sprzedaży towarów i materiałów,Przychody ze sprzedaży,revenues,,,
"PRZYCHODY NETTO ZE SPRZEDAŻY, W TYM:",Przychody ze sprzedaży,revenues,,,
Przychody netto ze sprzedaży1,Przychody ze sprzedaży,revenues,,,
Przychody ogółem,Przychody ze sprzedaży,revenues,nazwa generyczna - moze pasowac do wielu pozycji,,
Przychody operacyjne,Przychody ze sprzedaży,revenues,nazwa generyczna - moze pasowac do wielu pozycji,,
Przychody operacyjne razem,Przychody ze sprzedaży,revenues,,,
"Przychody operacyjne, w tym:",Przychody ze sprzedaży,revenues,,,
Przychody z działalności operacyjnej,Przychody ze sprzedaży,revenues,,,
Przychody z działalności operacyjnej razem,Przychody ze sprzedaży,revenues,,,
"Przychody z działalności operacyjnej uwzględniające wynik na oczekiwanych stratach kredytowych, wycenę do wartości godziwej oraz inne przychody/koszty z nabytych portfeli wierzytelności",Przychody ze sprzedaży,revenues,,,
Przychody z działalności operacyjnej uwzględniające wynik na oczekiwanych stratach kredytowych::,Przychody ze sprzedaży,revenues,,,
Przychody z działalności podstawowej,Przychody ze sprzedaży,revenues,,,
Przychody z poboru opłat,Przychody ze sprzedaży,revenues,,,
Przychody z podstawowej działalności,Przychody ze sprzedaży,revenues,,,
"Przychody z podstawowej działalności, w tym:",Przychody ze sprzedaży,revenues,,,
"Przychody z podstawowej działalnośći , w tym:",Przychody ze sprzedaży,revenues,,,
Przychody z tyt. świadczonych usług,Przychody ze sprzedaży,revenues,,,
Przychody z tytułu umów z klientami,Przychody ze sprzedaży,revenues,,,
Przychody ze sprzedaży dóbr i usług,Przychody ze sprzedaży,revenues,,,
Przychody ze sprzedaży i zrównane z nimi,Przychody ze sprzedaży,revenues,,,
Przychody ze sprzedaży i zrównane z nimi (I+II+III+IV),Przychody ze sprzedaży,revenues,,,
"Przychody ze sprzedaży i zrównane z nimi, w tym",Przychody ze sprzedaży,revenues,,,
"Przychody ze sprzedaży i zrównane z nimi, w tym:",Przychody ze sprzedaży,revenues,,,
Przychody ze sprzedaży ogółem,Przychody ze sprzedaży,revenues,,,
Przychody ze sprzedaży produktów,Przychody ze sprzedaży,revenues,,,
Przychody ze sprzedaży produktów i usług,Przychody ze sprzedaży,revenues,,,
"Przychody ze sprzedaży produktów, towarów i materiałów",Przychody ze sprzedaży,revenues,,,
"Przychody ze sprzedaży produktów, towarów i materiałów, w tym:",Przychody ze sprzedaży,revenues,,,
"Przychody ze sprzedaży produktów, usług, towarów i materiałów",Przychody ze sprzedaży,revenues,,,
"PRZYCHODY ZE SPRZEDAŻY TOWARÓW I PRODUKTÓW, W TYM:",Przychody ze sprzedaży,revenues,,,
Przychody ze sprzedaży usług,Przychody ze sprzedaży,revenues,,,
Przychody ze sprzedaży usług i towarów,Przychody ze sprzedaży,revenues,,,
Przychody ze sprzedaży usług najmu,Przychody ze sprzedaży,revenues,,,
"Przychody ze sprzedaży usług, produktów, towarów i materiałów, w tym:",Przychody ze sprzedaży,revenues,,,
"Przychody ze sprzedaży, w tym :",Przychody ze sprzedaży,revenues,,,
"Przychody ze sprzedaży, w tym:",Przychody ze sprzedaży,revenues,,,
Razem przychody,Przychody ze sprzedaży,revenues,nazwa generyczna - moze pasowac do wielu pozycji,,
Aktywa ogółem z tytułu prawa do użytkowania,Prawo do użytkowania aktywów,right_to_use_assets,,,
1 Kapitał podstawowy,Kapitał (fundusz) podstawowy,share_capital,,,
"1,Kapitał akcyjny (zakładowy)",Kapitał (fundusz) podstawowy,share_capital,,,
"A,I +Kapitał (fundusz) podstawowy",Kapitał (fundusz) podstawowy,share_capital,,,
"A,I Kapitał (fundusz) podstawowy",Kapitał (fundusz) podstawowy,share_capital,,,
"C,1 Kapitał zakładowy",Kapitał (fundusz) podstawowy,share_capital,,,
I Kapitał (fundusz) podstawowy,Kapitał (fundusz) podstawowy,share_capital,,,
"I, Kapitał (fundusz) podstawowy",Kapitał (fundusz) podstawowy,share_capital,,,
"I,Kapitał (fundusz) podstawowy",Kapitał (fundusz) podstawowy,share_capital,,,
"I,Kapitał(fundusz)podstawowy",Kapitał (fundusz) podstawowy,share_capital,,,
Kapitał ( fundusz ) podstawowy,Kapitał (fundusz) podstawowy,share_capital,,,
Kapitał ( fundusz) podstawowy,Kapitał (fundusz) podstawowy,share_capital,,,
"Kapitał (fundusz) podstawowy,",Kapitał (fundusz) podstawowy,share_capital,,,
Kapitał zakładowy,Kapitał (fundusz) podstawowy,share_capital,nazwa generyczna - moze pasowac do wielu pozycji,,
Kapitał zakładowy (podstawowy),Kapitał (fundusz) podstawowy,share_capital,,,
1 Wpływy netto z wydania udziałów (emisji akcji) i innych instrumentów kapitałowych oraz dopłat do kapitału,Emisja akcji,share_capital_cash,,,
"1,Wpływy netto z emisji akcji",Emisja akcji,share_capital_cash,,,
"1,Wpływy netto z wydania udziałów (emisji akcji) i innych instrumentów kapitałowych oraz dopłat do kapitału",Emisja akcji,share_capital_cash,,,
Wpływy netto z emisji akcji,Emisja akcji,share_capital_cash,,,
Wpływy netto z emisji akcji (wydania udziałów) i innych instrumentów kapitałowych oraz dopłat do kapitału,Emisja akcji,share_capital_cash,,,
Wpływy netto z podwyższenia kapitału,Emisja akcji,share_capital_cash,,,
"Wpływy netto z tytułu emisji akcji, wydania udziałów i dopłat do kapitału",Emisja akcji,share_capital_cash,,,
Wpływy netto z wydania udziałów (emisji akcji) i innych instrumentów kapitałowych,Emisja akcji,share_capital_cash,,,
Wpływy netto z wydania udziałów (emisji akcji) i innych instrumentów kapitałowych oraz dopłat do kapitału,Emisja akcji,share_capital_cash,,,
"Wpływy netto z wydania udziałów, emisji akcji",Emisja akcji,share_capital_cash,,,
Wpływy z emisji akcji,Emisja akcji,share_capital_cash,,,
Wpływy z emisji akcji i innych instrumentów kapitałowych,Emisja akcji,share_capital_cash,,,
Wpływy z emisji akcji zwykłych,Emisja akcji,share_capital_cash,,,
Wpływy z tytułu emisji akcji,Emisja akcji,share_capital_cash,,,
Wpływy z tytułu emisji akcji i innych instrumentów kapitałowych,Emisja akcji,share_capital_cash,,,
Wpływy z tytułu emisji udziałów / akcji (w tym zaliczki),Emisja akcji,share_capital_cash,,,
Wpływy z tytułu emisji własnych akcji,Emisja akcji,share_capital_cash,,,
- akcjonariuszom jednostki dominującej,Zysk netto akcjonariuszy jednostki dominującej,shareholder_net_profit,,,
- akcjonariuszy Jednostki dominującej,Zysk netto akcjonariuszy jednostki dominującej,shareholder_net_profit,,,
- przypadające na akcjonariuszy jednostki dominującej,Zysk netto akcjonariuszy jednostki dominującej,shareholder_net_profit,,,
- przypadający akcjonariuszom podmiotu dominującego,Zysk netto akcjonariuszy jednostki dominującej,shareholder_net_profit,,,
- przypadający na Jednostkę dominującą,Zysk netto akcjonariuszy jednostki dominującej,shareholder_net_profit,,,
- przypisane akcjonariuszom spółki dominującej,Zysk netto akcjonariuszy jednostki dominującej,shareholder_net_profit,,,
- przypisany akcjonariuszom podmiotu dominującego,Zysk netto akcjonariuszy jednostki dominującej,shareholder_net_profit,,,
- przypisany Jednostce dominującej,Zysk netto akcjonariuszy jednostki dominującej,shareholder_net_profit,,,
- zysk (strata) netto przypisana podmiotowi dominującemu,Zysk netto akcjonariuszy jednostki dominującej,shareholder_net_profit,,,
- Zysk netto przypadający akcjonariuszom podmiotu dominującego,Zysk netto akcjonariuszy jednostki dominującej,shareholder_net_profit,,,
akcjonariuszom Jednostki Dominującej,Zysk netto akcjonariuszy jednostki dominującej,shareholder_net_profit,,,
Akcjonariuszom podmiotu dominującego,Zysk netto akcjonariuszy jednostki dominującej,shareholder_net_profit,,,
Akcjonariuszom Spółki dominującej,Zysk netto akcjonariuszy jednostki dominującej,shareholder_net_profit,,,
Akcjonariuszy jednostki dominującej,Zysk netto akcjonariuszy jednostki dominującej,shareholder_net_profit,,,
N Zysk (strata) netto (N-O-P+/-Q+/-R),Zysk netto akcjonariuszy jednostki dominującej,shareholder_net_profit,,,
O Zysk (strata) przypadający akcjonariuszom jednostki dominującej,Zysk netto akcjonariuszy jednostki dominującej,shareholder_net_profit,,,
Przypadająca: Akcjonariuszom jednostki dominującej,Zysk netto akcjonariuszy jednostki dominującej,shareholder_net_profit,,,
Przypadające: Akcjonariuszom podmiotu dominującego,Zysk netto akcjonariuszy jednostki dominującej,shareholder_net_profit,,,
Przypadający akcjonariuszom podmiotu dominującego,Zysk netto akcjonariuszy jednostki dominującej,shareholder_net_profit,,,
Przypadający na akcjonariuszy j. dominującej,Zysk netto akcjonariuszy jednostki dominującej,shareholder_net_profit,,,
Przypadający na Zysk netto akcjonariuszy jednostki dominującej,Zysk netto akcjonariuszy jednostki dominującej,shareholder_net_profit,,,
Przypadający na: Właścicieli jednostki dominującej,Zysk netto akcjonariuszy jednostki dominującej,shareholder_net_profit,,,
Przypadający/a na: Akcjonariuszy jednostki dominującej,Zysk netto akcjonariuszy jednostki dominującej,shareholder_net_profit,,,
Przypadający: akcjonariuszom podmiotu dominującego,Zysk netto akcjonariuszy jednostki dominującej,shareholder_net_profit,,,
Przypadający: Właścicielom Jednostki Dominującej,Zysk netto akcjonariuszy jednostki dominującej,shareholder_net_profit,,,
Przypadający: Zysk netto akcjonariuszy jednostki dominującej,Zysk netto akcjonariuszy jednostki dominującej,shareholder_net_profit,,,
Przypisany Akcjonariuszom jednostki dominującej,Zysk netto akcjonariuszy jednostki dominującej,shareholder_net_profit,,,
Przypisany do podmiotu dominującego,Zysk netto przypadający akcjonariuszom jednostki dominującej,shareholder_net_profit,etykieta poza naszymi 77 kluczami (bank/ubezpieczenia?),,
Skonsolidowany zysk netto przypisany: Akcjonariuszom Jednostki Dominującej,Zysk netto akcjonariuszy jednostki dominującej,shareholder_net_profit,,,
Strata przypadająca akcjonariuszom jednostki dominującej,Zysk netto akcjonariuszy jednostki dominującej,shareholder_net_profit,nazwa mowi o STRACIE - sprawdz znak,,
w tym przypadający na: - Akcjonariuszy Jednostki Dominującej,Zysk netto akcjonariuszy jednostki dominującej,shareholder_net_profit,,,
w tym przypisany: Akcjonariuszom jednostki dominującej,Zysk netto akcjonariuszy jednostki dominującej,shareholder_net_profit,,,
Wynik przypadający akcjonariuszom jednostki dominującej,Zysk netto akcjonariuszy jednostki dominującej,shareholder_net_profit,,,
Właścicielom podmiotu dominującego,Zysk netto akcjonariuszy jednostki dominującej,shareholder_net_profit,,,
z tego przypadający udziałowcom jednostki dominującej,Zysk netto przypadający akcjonariuszom jednostki dominującej,shareholder_net_profit,etykieta poza naszymi 77 kluczami (bank/ubezpieczenia?),,
z tego przypadający: akcjonariuszom jednostki dominującej,Zysk netto akcjonariuszy jednostki dominującej,shareholder_net_profit,,,
Z tego zysk netto: przypadający na akcjonariuszy Jednostki Dominującej,Zysk netto akcjonariuszy jednostki dominującej,shareholder_net_profit,,,
Zysk (strata) netto akcjonariuszy jednostki dominującej,Zysk netto akcjonariuszy jednostki dominującej,shareholder_net_profit,,,
Zysk (strata) netto podmiotu dominującego,Zysk netto akcjonariuszy jednostki dominującej,shareholder_net_profit,,,
Zysk (strata) netto przynależny akcjonariuszom jednostki,Zysk netto akcjonariuszy jednostki dominującej,shareholder_net_profit,,,
Zysk (strata) netto przypadająca akcjonariuszom podmiotu dominującego,Zysk netto akcjonariuszy jednostki dominującej,shareholder_net_profit,,,
Zysk (strata) netto przypadająca: Akcjonariuszom jednostki dominującej,Zysk netto akcjonariuszy jednostki dominującej,shareholder_net_profit,,,
Zysk (strata) netto przypadające na:,Zysk netto akcjonariuszy jednostki dominującej,shareholder_net_profit,,,
Zysk (strata) netto przypadające na: Akcjonariuszy jednostki dominującej,Zysk netto akcjonariuszy jednostki dominującej,shareholder_net_profit,,,
Zysk (strata) netto przypadający ak cjonariuszom jednostki dominującej,Zysk netto akcjonariuszy jednostki dominującej,shareholder_net_profit,,,
Zysk (strata) netto przypadający akcjonariuszom jednostki dominującej,Zysk netto akcjonariuszy jednostki dominującej,shareholder_net_profit,,,
Zysk (strata) netto przypadający na akcjonariuszy jednostki dominującej,Zysk netto akcjonariuszy jednostki dominującej,shareholder_net_profit,,,
Zysk (strata) netto przypadający na: - akcjonariuszom podmiotu dominującego,Zysk netto akcjonariuszy jednostki dominującej,shareholder_net_profit,,,
Zysk (strata) netto przypadający:,Zysk netto akcjonariuszy jednostki dominującej,shareholder_net_profit,,,
Zysk (strata) netto przypadający: akcjonariuszom jednostki dominującej,Zysk netto akcjonariuszy jednostki dominującej,shareholder_net_profit,,,
Zysk (strata) netto przypadający: akcjonariuszom podmiotu dominującego,Zysk netto akcjonariuszy jednostki dominującej,shareholder_net_profit,,,
Zysk (strata) netto przypisany akcjonariuszom jednostki dominującej,Zysk netto akcjonariuszy jednostki dominującej,shareholder_net_profit,,,
Zysk (strata) netto przypisany: - Akcjonariuszom jednostki dominującej,Zysk netto akcjonariuszy jednostki dominującej,shareholder_net_profit,,,
Zysk (strata) netto przypisany: Akcjonariuszom jednostki dominującej,Zysk netto akcjonariuszy jednostki dominującej,shareholder_net_profit,,,
Zysk (strata) netto przypisujący się akcjonariuszom podmiotu dominującego,Zysk netto akcjonariuszy jednostki dominującej,shareholder_net_profit,,,
Zysk (strata) netto za okres przypadający: Akcjonariuszom jednostki dominującej,Zysk netto akcjonariuszy jednostki dominującej,shareholder_net_profit,,,
Zysk (strata) po przypisany akcjonariuszom Jednostki Dominującej,Zysk netto akcjonariuszy jednostki dominującej,shareholder_net_profit,,,
Zysk (strata) przypadający akcjonariuszom jednostki dominującej,Zysk netto akcjonariuszy jednostki dominującej,shareholder_net_profit,,,
Zysk (strata) przypadający akcjonariuszom podmiotu dominującego,Zysk netto akcjonariuszy jednostki dominującej,shareholder_net_profit,,,
"Zysk (strata), przypadający na właścicieli jednostki dominującej",Zysk netto akcjonariuszy jednostki dominującej,shareholder_net_profit,,,
"Zysk (strata), przypadający na właścicieli jednostki dominującej",Zysk netto akcjonariuszy jednostki dominującej,shareholder_net_profit,,,
Zysk / (strata) netto przypadające akcjonariuszom spółki dominującej,Zysk netto akcjonariuszy jednostki dominującej,shareholder_net_profit,,,
Zysk / (Strata) netto przypadający akcjonariuszom jednostki dominującej,Zysk netto akcjonariuszy jednostki dominującej,shareholder_net_profit,,,
Zysk / (strata) netto przypadający/przypadająca na: – akcjonariuszy jednostki dominującej,Zysk netto akcjonariuszy jednostki dominującej,shareholder_net_profit,,,
"Zysk / strata netto, w tym: przypadający akcjonariuszom jednostki dominującej",Zysk netto akcjonariuszy jednostki dominującej,shareholder_net_profit,,,
Zysk netto należny udziałowcom jednostki dominującej,Zysk netto akcjonariuszy jednostki dominującej,shareholder_net_profit,,,
Zysk netto okresu przypadający akcjonariuszom jednostki dominującej,Zysk netto akcjonariuszy jednostki dominującej,shareholder_net_profit,,,
Zysk netto przypadająca akcjonariuszom podmiotu dominującego,Zysk netto akcjonariuszy jednostki dominującej,shareholder_net_profit,,,
Zysk netto przypadający akcjonariuszom Banku,Zysk netto akcjonariuszy jednostki dominującej,shareholder_net_profit,,,
Zysk netto przypadający na akcjonariuszy Jednostki Dominującej,Zysk netto akcjonariuszy jednostki dominującej,shareholder_net_profit,,,
Zysk netto przypadający na: Akcjonariuszy jednostki dominującej,Zysk netto akcjonariuszy jednostki dominującej,shareholder_net_profit,,,
Zysk netto przypadający na: Właścicieli jednostki dominującej,Zysk netto akcjonariuszy jednostki dominującej,shareholder_net_profit,,,
Zysk netto przypadający: Akcjonariuszom podmiotu dominującego,Zysk netto akcjonariuszy jednostki dominującej,shareholder_net_profit,,,
Zysk netto przypisany akcjonariuszom jednostki dominującej,Zysk netto akcjonariuszy jednostki dominującej,shareholder_net_profit,,,
Zysk netto przypisany właścicielom Orange Polska S.A.,Zysk netto akcjonariuszy jednostki dominującej,shareholder_net_profit,,,
"Zysk netto przypisany, Akcjonariuszom Jednostki Dominującej Akcjonariuszom",Zysk netto akcjonariuszy jednostki dominującej,shareholder_net_profit,,,
zysk netto przypisany: Akcjonariuszom jednostki dominującej,Zysk netto akcjonariuszy jednostki dominującej,shareholder_net_profit,,,
Zysk netto przypisany: Zysk netto akcjonariuszy jednostki dominującej,Zysk netto akcjonariuszy jednostki dominującej,shareholder_net_profit,,,
Zysk netto za okres przypadający na: Akcjonariuszy Jednostki Dominującej,Zysk netto akcjonariuszy jednostki dominującej,shareholder_net_profit,,,
Zysk netto za okres przypisany: – właścicielom jednostki dominującej,Zysk netto akcjonariuszy jednostki dominującej,shareholder_net_profit,,,
"Zysk netto, z tego przypadający: Akcjonariuszom jednostki dominującej",Zysk netto akcjonariuszy jednostki dominującej,shareholder_net_profit,,,
Zysk przypadający na Akcjonariuszy podmiotu dominującego,Zysk netto akcjonariuszy jednostki dominującej,shareholder_net_profit,,,
Zysk przypadający na: właścicieli jednostki dominującej,Zysk netto akcjonariuszy jednostki dominującej,shareholder_net_profit,,,
Zysk przypadający właścicielom jednostki dominującej,Zysk netto akcjonariuszy jednostki dominującej,shareholder_net_profit,,,
Zysk/ (strata) netto przypisany akcjonariuszom podmiotu dominującego,Zysk netto akcjonariuszy jednostki dominującej,shareholder_net_profit,,,
Zysk/ strata netto przypadający/a na: Akcjonariuszy jednostki dominującej,Zysk netto akcjonariuszy jednostki dominującej,shareholder_net_profit,,,
Zysk/(strata) netto przypadająca na akcjonariuszy Jednostki Dominującej,Zysk netto akcjonariuszy jednostki dominującej,shareholder_net_profit,,,
Zysk/(strata) netto przypadający na: Właścicieli jednostki dominującej,Zysk netto akcjonariuszy jednostki dominującej,shareholder_net_profit,,,
Zysk/(strata) netto przypadający/(a) na: - akcjonariuszy Jednostki dominującej,Zysk netto akcjonariuszy jednostki dominującej,shareholder_net_profit,,,
"Zysk/(strata) netto przypisana właścicielom CD PROJEKT S,A,",Zysk netto akcjonariuszy jednostki dominującej,shareholder_net_profit,,,
Zysk/(strata) netto za okres sprawozdawczy przypadająca na Akcjonariuszy Jednostki Dominującej,Zysk netto akcjonariuszy jednostki dominującej,shareholder_net_profit,,,
Zysk/(strata) przypadający: Akcjonariuszom jednostki dominującej,Zysk netto akcjonariuszy jednostki dominującej,shareholder_net_profit,,,
Zysk/Strata netto dla akcjonariuszy,Zysk netto akcjonariuszy jednostki dominującej,shareholder_net_profit,,,
Zysk/strata netto przypadający na akcjonariuszy jednostki dominującej,Zysk netto akcjonariuszy jednostki dominującej,shareholder_net_profit,,,
Zysk/Strata netto przypadający na: akcjonariuszy Spółki,Zysk netto akcjonariuszy jednostki dominującej,shareholder_net_profit,,,
Zysk/strata za okres należna akcjonariuszom jednostki dominującej,Zysk netto akcjonariuszy jednostki dominującej,shareholder_net_profit,,,
[A] AKTYWA razem,Aktywa ogółem,total_assets,,,
A k t y w a r a z e m,Aktywa ogółem,total_assets,,,
A+B Suma aktywów,Aktywa ogółem,total_assets,,,
AKTYWA,Aktywa ogółem,total_assets,nazwa generyczna - moze pasowac do wielu pozycji,,
Aktywa razem (na koniec bieżącego kwartału i koniec poprzedniego roku obrotowego),Aktywa ogółem,total_assets,,,
"Aktywa razem, w tym:",Aktywa ogółem,total_assets,,,
Aktywa łącznie,Aktywa ogółem,total_assets,nazwa generyczna - moze pasowac do wielu pozycji,,
AKTYWARAZEM,Aktywa ogółem,total_assets,nazwa generyczna - moze pasowac do wielu pozycji,,
S U M A A K T Y W Ó W,Aktywa ogółem,total_assets,,,
Suma aktywów (A+B+C+D),Aktywa ogółem,total_assets,,,
KAPITAŁ WŁASNY I ZOBOWIĄZANIA,Pasywa ogółem,total_equity_liabilities,,,
P a s y w a r a z e m,Pasywa ogółem,total_equity_liabilities,,,
PASYWA,Pasywa ogółem,total_equity_liabilities,nazwa generyczna - moze pasowac do wielu pozycji,,
PASYWA (w zł),Pasywa ogółem,total_equity_liabilities,,,
Pasywa razem (suma pozycji A i B),Pasywa ogółem,total_equity_liabilities,,,
PASYWARAZEM,Pasywa ogółem,total_equity_liabilities,nazwa generyczna - moze pasowac do wielu pozycji,,
RAZEM PASYWA,Pasywa ogółem,total_equity_liabilities,nazwa generyczna - moze pasowac do wielu pozycji,,
S U M A P A S Y W Ó W,Pasywa ogółem,total_equity_liabilities,,,
SUMA KAPITAŁU WŁASNEGO I ZOBOWIĄZAŃ,Pasywa ogółem,total_equity_liabilities,,,
SUMA PASYWÓW (A+B),Pasywa ogółem,total_equity_liabilities,,,
ZOBOWIĄZANIA I KAPITAŁ WŁASNY,Pasywa ogółem,total_equity_liabilities,,,
